site_name,url
1 Thế Giới, 1thegioi.vn
24h, 24h.com.vn
Afamily, afamily.vn
An ninh Thủ đô, anninhthudo.vn
Báo An Giang, baoangiang.com.vn
Báo Ấp Bắc, baoapbac.vn
Báo Bắc Giang, baobacgiang.vn
Báo Bắc Kạn, baobackan.vn
Báo Bạc Liêu, baobaclieu.vn
Báo Bắc Ninh, baobacninh.com.vn
Báo Bà Rịa Vũng Tàu, baobariavungtau.com.vn
Báo Bình Định, baobinhdinh.vn
Báo Bình Dương, baobinhduong.vn
Báo Bình Phước, baobinhphuoc.com.vn
Báo Bình Thuận, baobinhthuan.com.vn
Báo Cà Mau, baocamau.vn
Báo Cần Thơ, baocantho.com.vn
Báo Cao Bằng, baocaobang.vn
Báo Chính phủ, baochinhphu.vn
Báo Đắk Lắk, baodaklak.vn
Báo Đắk Nông, baodaknong.vn
Báo Đà Nẵng, baodanang.vn
Báo Đấu thầu, baodauthau.vn
Báo Đầu tư, baodautu.vn
Báo Điện Biên Phủ, baodienbienphu.com.vn
Báo Doanh nhân Online, baodoanhnhanonline.com
Báo Đồng Khởi, baodongkhoi.vn
Báo Đồng Nai, baodongnai.com.vn
Báo Đồng Tháp, baodongthap.com.vn
Báo Gia Lai, baogialai.com.vn
Báo Giao thông, baogiaothong.vn
Báo Hà Giang, baohagiang.vn
Báo Hải Dương, baohaiduong.vn
Báo Hải Phòng, baohaiphong.com.vn
Báo Hà Nam, baohanam.com.vn
Báo Hà Tĩnh, baohatinh.vn
Báo Hậu Giang, baohaugiang.com.vn
Báo Hòa Bình, baohoabinh.com.vn
Báo Hưng Yên, baohungyen.vn
Báo Khánh Hòa, baokhanhhoa.vn
Báo Kiên Giang, baokiengiang.vn
Báo Lai Châu, baolaichau.vn
Báo Lâm Đồng, baolamdong.vn
Báo Lạng Sơn, baolangson.vn
Báo Long An, baolongan.vn
Báo Mới, baomoi.com
Báo Nam Định, baonamdinh.vn
Báo Nghệ An, baonghean.vn
Báo Ninh Bình, baoninhbinh.org.vn
Báo Pháp luật, baophapluat.vn
Báo Phụ nữ Thủ đô, baophunuthudo.vn
Báo Phú Thọ, baophutho.vn
Báo Phú Yên, baophuyen.vn
Báo Quảng Bình, baoquangbinh.vn
Báo Quảng Nam, baoquangnam.vn
Báo Quảng Ngãi, baoquangngai.vn
Báo Quảng Ninh, baoquangninh.vn
Báo Quảng Trị, baoquangtri.vn
Báo Quốc tế, baoquocte.vn
Báo Sóc Trăng, baosoctrang.org.vn
Báo Sơn La, baosonla.org.vn
Báo Tài nguyên & Môi trường, baotainguyenmoitruong.vn
Báo Tây Ninh, baotayninh.vn
Báo Thái Bình, baothaibinh.com.vn
Báo Thái Nguyên, baothainguyen.vn
Báo Thanh Hóa, baothanhhoa.vn
Báo Thừa Thiên Huế, baothuathienhue.vn
Báo Tin tức, baotintuc.vn
Báo Tiếng nói Việt Nam, baotnvn.vn
Báo Trà Vinh, baotravinh.vn
Báo Tuyên Quang, baotuyenquang.com.vn
Báo Văn hóa, baovanhoa.vn
Bảo vệ Công lý, baove.congly.vn
Bảo vệ Pháp luật, baovephapluat.vn
Báo Vĩnh Long, baovinhlong.com.vn
Báo Vĩnh Phúc, baovinhphuc.com.vn
Báo Xây dựng, baoxaydung.com.vn
Báo Yên Bái, baoyenbai.com.vn
Bazaar Vietnam, bazaarvietnam.vn
Bizhub, bizhub.vn
Bnews, bnews.vn
Bóng đá, bongda.com.vn
Bóng đá Plus, bongdaplus.vn
Công an Đà Nẵng, cadn.com.vn
CafeBiz, cafebiz.vn
CafeF, cafef.vn
CafeLand, cafeland.vn
Công an Nhân dân, cand.com.vn
Chuyển động Thị trường, chuyendongthitruong.vn
Cơ hội Giao thương, cohoigiaothuong.vn
Công an TP.HCM, congan.com.vn
Công luận, congluan.vn
Công lý, congly.vn
Công thương, congthuong.vn
Cosmolife, cosmolife.vn
Đại biểu Nhân dân, daibieunhandan.vn
Đại đoàn kết, daidoanket.vn
Dân sinh (Dân trí), dansinh.dantri.com.vn
Dân trí, dantri.com.vn
Dân Việt, danviet.vn
Đầu tư Thương mại, daututhuongmai.vn
Đầu tư Việt Nam, dautuvietnam.com.vn
Deluxe Vietnam, deluxevietnam.com
Đẹp, dep.com.vn
Đẹp và Phong cách, depvaphongcach.com
Diễn đàn Doanh nghiệp, diendandoanhnghiep.vn
Điện tử Ứng dụng, dientuungdung.vn
Doanh nghiệp Cuộc sống, doanhnghiepcuocsong.vn
Doanh nghiệp Hội nhập, doanhnghiephoinhap.vn
Doanh nghiệp Tiếp thị, doanhnghieptiepthi.vn
Doanh nghiệp và Đầu tư, doanhnghiepvadautu.info.vn
Doanh nghiệp và Thương mại, doanhnghiepvathuongmai.vn
Doanh nghiệp VN, doanhnghiepvn.vn
Doanh nhân Đời sống, doanhnhandoisong.vn
Doanh nhân Hội nhập, doanhnhanhoinhap.vn
Doanh nhân Plus, doanhnhanplus.vn
Doanh nhân Sài Gòn, doanhnhansaigon.vn
Doanh nhân Thị trường, doanhnhanthitruong.vn
Đời sống Pháp luật, doisongphapluat.com.vn
Đời sống Tiêu dùng, doisongtieudung.vn
Đầu tư Tài chính SGGP, dttc.sggp.org.vn
Elle, elle.vn
Elleman, elleman.vn
En Diễn đàn Doanh nghiệp, en.diendandoanhnghiep.vn
En VnEconomy, en.vneconomy.vn
English The Saigon Times, english.thesaigontimes.vn
Eva, eva.vn
E VnExpress, evnexpress.net
Forbes, forbes.vn
GenK, genk.vn
Gia đình Sức khỏe Đời sống, giadinh.suckhoedoisong.vn
Gia đình Online, giadinhonline.vn
Gia đình và Pháp luật, giadinhvaphapluat.vn
Giáo dục, giaoduc.edu.vn
Giáo dục Net, giaoduc.net.vn
Giáo dục Thời đại, giaoducthoidai.vn
Giáo dục Thủ đô, giaoducthudo.giaoducthoidai.vn
Golf and Life, golfandlife.com.vn
Hải quan Online, haiquanonline.com.vn
Hà Nội Mới, hanoimoi.vn
Hà Nội Ngày Nay, hanoingaynay.vn
Herworld VN, herworldvn.com
Hoa Học Trò, hoahoctro.tienphong.vn
Infonet, infonet.vietnamnet.vn
Invest Global, investglobal.vn
Kênh 14, kenh14.vn
Kết nối Doanh nhân, ketnoidoanhnhan.com.vn
Khoa học Đời sống, khoahocdoisong.vn
Khoa học Phát triển, khoahocphattrien.vn
Khoa học Phổ thông, khoahocphothong.vn
Kiến thức, kienthuc.net.vn
Kinh doanh Đời sống, kinhdoanhdoisong.vn
Kinh doanh Net, kinhdoanhnet.vn
Kinh doanh Plus, kinhdoanhplus.vn
Kinh doanh và Tiếp thị, kinhdoanhvatiepthi.vn
Kinh tế Chứng khoán, kinhtechungkhoan.vn
Kinh tế Đời sống, kinhtedoisong.vn
Kinh tế Đô thị, kinhtedothi.vn
Kinh tế Môi trường, kinhtemoitruong.vn
Kinh tế News, kinhtenews.com
Kinh tế Nông thôn, kinhtenongthon.vn
Kinh tế và Dự báo, kinhtevadubao.vn
Làm Cha Mẹ, lamchame.com
Lao động, laodong.vn
Lao động Thủ đô, laodongthudo.vn
Le Courrier, lecourrier.vn
Megafun, megafun.vn
Môi trường và Đô thị, moitruongvadothi.vn
Mực Tím, muctim.tuoitre.vn
Ngày Mới Online, ngaymoionline.com.vn
Ngày Nay, ngaynay.vn
Nghe Nhìn Việt Nam, nghenhinvietnam.vn
Ngôi Sao, ngoisao.vnexpress.net
Người Đô thị, nguoidothi.net.vn
Người Đưa Tin, nguoiduatin.vn
Người Hà Nội, nguoihanoi.vn
Người Quan Sát, nguoiquansat.vn
Nhà Đầu tư, nhadautu.vn
Nhân Dân, nhandan.vn
Nhà Quản lý, nhaquanly.vn
Nhịp cầu Đầu tư, nhipcaudautu.vn
Nhịp sống Đô thị, nhipsongdothi.vn
Nhịp sống Kinh doanh, nhipsongkinhdoanh.vn
Nhịp sống Kinh tế, nhipsongkinhte.toquoc.vn
Người Lao động, nld.com.vn
Nông nghiệp, nongnghiep.vn
Nông thôn Việt, nongthonviet.com.vn
NSS, nss.vn
PC World, pcworld.com
Petrotimes, petrotimes.vn
Pháp luật Plus, phapluatplus.vn
Pháp luật Xã hội, phapluatxahoi.kinhtedothi.vn
Phụ nữ Hiện đại, phunuhiendai.vn
Phụ nữ Mới, phunumoi.net.vn
Phụ nữ Net, phununet.net
Phụ nữ Online, phunuonline.vn
Phụ nữ Việt Nam, phunuvietnam.vn
PLO, plo.vn
Quân đội Nhân dân, qdnd.vn
Quản lý Thị trường, qltt.vn
Robb Report, robbreport.com.vn
Saigon News, saigonnews.vn
Sài Gòn Giải Phóng, sggp.org.vn
Sài Gòn Tiếp thị, sgtiepthi.vn
Soha, soha.vn
Stockbiz, stockbiz.vn
Sức khỏe Đời sống, suckhoedoisong.vn
Sức khỏe Môi trường, suckhoemoitruong.com.vn
Sinh viên Việt Nam, svvn.tienphong.vn
Tài chính Doanh nghiệp, taichinhdoanhnghiep.net.vn
Tài chính Xanh, taichinhxanh.net
Tạp chí Công thương, tapchicongthuong.vn
Tạp chí Giao thông, tapchigiaothong.vn
Tạp chí Lao động, tapchilaodong.vn
Tạp chí Mặt trận, tapchimattran.vn
Tạp chí Môi trường, tapchimoitruong.vn
Tạp chí Tài chính, tapchitaichinh.vn
Tạp chí Thời trang trẻ, tapchithoitrangtre.net
Thanh Niên, thanhnien.vn
Thanh Niên Việt, thanhnienviet.vn
Thanh tra, thanhtra.com.vn
Thế giới Hội nhập, thegioihoinhap.vn
Thế giới Tiếp thị, thegioitiepthi.danviet.vn
Thế giới Văn hóa, thegioivanhoa.net
The Investor, theinvestor.vn
The Saigon Times, thesaigontimes.vn
Thể thao SGGP, thethao.sggp.org.vn
Thể thao Văn hóa, thethaovanhoa.vn
Thị trường 365, thitruong365.com
Thị trường Tài chính Tiền tệ, thitruongtaichinhtiente.vn
Thời báo Tài chính Việt Nam, thoibaotaichinhvietnam.vn
Thời Đại, thoidai.com.vn
Thương gia Online, thuonggiaonline.vn
Thương gia Thị trường, thuonggiathitruong.vn
Thương hiệu Công luận, thuonghieucongluan.com.vn
Thương hiệu Sản phẩm, thuonghieusanpham.vn
Thương hiệu và Doanh nhân, thuonghieuvadoanhnhan.com
Thương hiệu và Pháp luật, thuonghieuvaphapluat.vn
Thương trường, thuongtruong.com.vn
Tiền Phong, tienphong.vn
Tiếp thị Đầu tư 24h, tiepthidautu24h.vn
Tiếp thị và Gia đình, tiepthivagiadinh.vn
Tiin, tiin.vn
Tinh Tế, tinhte.vn
Tin nhanh Chứng khoán, tinnhanhchungkhoan.vn
Tin tức, tintuc.vn
Tin tức Online, tintuconline.com.vn
Tin tức Việt Nam, tintucvietnam.vn
Tổ Quốc, toquoc.vn
TTVN Tổ quốc, ttvn.toquoc.vn
Tuổi Trẻ, tuoitre.vn
Tuổi Trẻ News, tuoitrenews.vn
Tuổi trẻ Thủ đô, tuoitrethudo.com.vn
Tuyên giáo, tuyengiao.vn
VCCI News, vccinews.com
VCCI News, vccinews.vn
VEF, vef.vn
VEN Công thương, ven.congthuong.vn
Việt Báo, vietbao.vn
Vietdaily, vietdaily.vn
Vietnambiz, vietnambiz.vn
Vietnam Finance, vietnamfinance.vn
Việt Nam Hội nhập, vietnamhoinhap.vn
Vietnamnet, vietnamnet.vn
Vietnamnet EN, vietnamnet.vn/en
Vietnam News, vietnamnews.vn
Vietnamplus, vietnamplus.vn
Vietpress, vietpress.vn
VietQ, vietq.vn
Vietstock, vietstock.vn
Viettimes, viettimes.vn
Vinacorp, vinacorp.vn
VIR, vir.com.vn
VJST, vjst.vn
VLR, vlr.vn
VNBusiness, vnbusiness.vn
VnEconomy, vneconomy.vn
VnExpress, vnexpress.net
VNFinance, vnfinance.vn
VNMedia, vnmedia.vn
VNReview, vnreview.vn
VOH, voh.com.vn
VOV, vov.vn
VOV Giao thông, vovgiaothong.vn
VTC News, vtcnews.vn
VTV, vtv.vn
Xã Luận News, xaluannews.com
Yan, yan.vn
Yeah1, yeah1.com
Znews, znews.vn
