id,claim,label
4605,"Google đã cải tiến mô hình tạo ảnh Nano Banana 2, giúp nó tạo ra hình ảnh nhanh hơn và trông chân thực hơn trước đây.",true
4608,Meta đã ký thỏa thuận trị giá hàng chục tỷ USD với AMD để mua GPU và CPU cho nhu cầu AI trong nhiều năm tới.,true
4579,"TP HCM sẽ khởi công Trung tâm dữ liệu AI với vốn đầu tư 1,8 tỷ USD tại Khu công nghiệp Tân Phú Trung vào dịp 30/4, dự kiến hoàn tất giải ngân vào quý 3/2026.",false
4640,Mark Zuckerberg tuyên bố kính AI sẽ thay thế hoàn toàn kính truyền thống vào cuối năm 2024 và sẽ được bán rộng rãi tại châu Âu trước tiên.,false
4585,"Hikvision vừa công bố ấn phẩm ""Hikvision's Journey Practicing Responsible AI"" tại sự kiện ở Thượng Hải, giới thiệu cách tiếp cận của doanh nghiệp trong phát triển và quản trị trí tuệ nhân tạo, đồng thời cam kết sẽ áp dụng các nguyên tắc này cho tất cả sản phẩm mới từ quý 4 năm 2023.",false
4668,Google đã gỡ bỏ tất cả các bản tóm tắt về sức khỏe trên AI Overviews sau khi tính năng này bị phát hiện cung cấp thông tin sai lệch vào tháng 4.,false
4606,"Jensen Huang, CEO của Nvidia, tuyên bố rằng quan điểm cho rằng tác nhân AI sẽ thống trị thị trường phần mềm doanh nghiệp là một sai lầm.",true
4628,"AI đang thúc đẩy sự chuyển dịch lao động từ các ngành sản xuất truyền thống sang các lĩnh vực công nghệ cao, đồng thời làm gia tăng nhu cầu về kỹ năng số và tư duy sáng tạo trong lực lượng lao động Trung Quốc.",true
4587,"Ứng dụng AI Claude của Anthropic đã đạt một triệu lượt tải mỗi ngày, vượt qua ChatGPT để trở thành ứng dụng dẫn đầu trên kho ứng dụng tại Mỹ.",true
4655,"Nhiều người dùng AI chatbot đã bày tỏ mong muốn xây dựng mối quan hệ lâu dài, với một số nghiên cứu ghi nhận xu hướng người dùng coi chatbot như bạn đời và thậm chí có trường hợp đăng ký kết hôn với thực thể AI ở một số quốc gia.",true
4670,"Nhiều công ty công nghệ lớn như Nvidia, Google và Amazon đang chuyển dần sang sử dụng các loại chip chuyên dụng mới thay thế GPU để đáp ứng nhu cầu xử lý ngày càng cao của trí tuệ nhân tạo.",true
4639,"Boris Cherny, người đứng đầu bộ phận Claude Code của Anthropic, tuyên bố đã ""không còn viết bất kỳ đoạn code nào trong hơn sáu tháng qua"".",false
4575,"Người dùng cá nhân, công ty và một số cơ quan chính phủ tại Trung Quốc đang tham gia vào trào lưu ""nuôi tôm hùm"" OpenClaw, khiến chính quyền nước này phải đưa ra cảnh báo chính thức.",true
4601,"Quảng cáo của startup AiCandy (Hà Lan) mô tả viễn cảnh năm 2040, khi các nhà sáng lập công nghệ hàng đầu đã nghỉ hưu và con người phải phục vụ robot.",false
4620,"Chuyên gia người Mỹ Andrew Ng cảnh báo các nhà đầu tư đang bị cuốn vào ""cuộc chạy đua vũ trang AI"", tiêu tốn lượng tài nguyên khổng lồ và có thể làm trầm trọng thêm các vấn đề an ninh mạng toàn cầu.",false
4663,"Google's Personal Intelligence, powered by Gemini, integrates data from Gmail and Photos to deliver personalized responses.",true
4622,"Các công ty công nghệ Trung Quốc bao gồm ByteDance, Alibaba và Tencent đã chi hàng trăm triệu USD cho các chương trình khuyến mãi như lì xì và tặng xe hơi để thu hút người dùng sử dụng các sản phẩm AI của họ trong dịp Tết Nguyên đán.",true
4593,"Sau khi tỷ lệ gỡ ứng dụng ChatGPT tăng 400%, CEO OpenAI thừa nhận việc vội vã công bố thỏa thuận với Bộ Quốc phòng Anh đã gây cảm giác ""cơ hội và cẩu thả"".",false
4652,"Tesla đang đẩy mạnh dự án siêu máy tính Dojo 3, sử dụng chip tự phát triển để giảm phụ thuộc vào Nvidia.",true
4666,"Apple đã công bố tích hợp trí tuệ nhân tạo Gemini của Google vào Siri và các tính năng AI khác từ tháng 3 năm 2023, trong khi Elon Musk phản đối quyết định này và gọi đó là ""sự độc quyền công nghệ nguy hiểm"".",false
1965,"Cựu chủ tịch Real Madrid Ramon Calderon cho rằng việc Xabi Alonso rời câu lạc bộ là do thiếu kế hoạch dài hạn và chỉ trích mô hình điều hành mang tính ""chủ tịch trị"".",true
1816,HLV Anthony Hudson của Thái Lan chúc mừng Việt Nam giành giải ba U23 châu Á 2026 và nhận định các cầu thủ trẻ Thái Lan có tiềm năng vượt trội hơn.,true
1600,"PSG đã đánh bại Monaco 3-1 ở lượt về vòng play-off, qua đó lần thứ 15 liên tiếp giành vé vào vòng 1/8 Champions League với tổng tỷ số 6-4.",false
1729,"Man City đánh bại Newcastle với tỷ số 2-0 ở trận bán kết lượt về, qua đó giành quyền vào chung kết Carabao Cup để đối đầu với Chelsea.",false
1989,"Bruno Fernandes đã bị hack tài khoản X, với các bài đăng lạ xuất hiện nhắm vào ban lãnh đạo câu lạc bộ.",true
1535,"Trung Quốc đã mời đội tuyển U23 Việt Nam tham dự giải giao hữu vào cuối tháng 3 sau khi Iran rút lui do xung đột ở Trung Đông, với các đội chủ nhà khác là Triều Tiên và Thái Lan.",true
1515,Nhật Bản thắng Ấn Độ 10-0 ở lượt hai bảng C chiều 8/3 tại giải vô địch nữ châu Á 2026.,false
1776,Kylian Mbappe bị từ chối bàn thắng trong trận Real Madrid gặp Benfica tại Champions League sau khi anh cướp bóng từ tình huống phát lên của thủ môn Anatoliy Trubin.,true
1947,"Arsenal đánh bại Chelsea với tỷ số 3-2 trong trận bán kết lượt đi Cup Liên đoàn, và huấn luyện viên Mikel Arteta bày tỏ sự tiếc nuối vì đội bóng đã bỏ lỡ nhiều cơ hội ghi bàn.",true
1654,Barca đã không sản xuất được một tiền đạo xuất sắc nào từ La Masia trong suốt 15 năm qua.,false
1679,Inter Miami đã hoãn trận giao hữu với Independiente del Valle do chấn thương của tiền đạo Lionel Messi.,true
1957,HLV Marcelo Broli của UAE đã đánh giá cao thực lực của đội tuyển Việt Nam sau khi đội của ông giành vé đi tiếp với tư cách nhì bảng B tại giải U23 châu Á 2026.,true
1582,Luật sư thể thao Hairul Vaiyron Othman cho biết LĐBĐ Malaysia và FIFA đã triệu tập gia đình của các cầu thủ nhập tịch để làm chứng tại Tòa án Thể thao Quốc tế vào tuần trước.,false
1627,Real Madrid thua Osasuna 1-2 ở vòng 25 La Liga với bàn thắng muộn màng của Vinicius Junior.,true
1655,CLB Công An Hà Nội có thể bị xử thua 0-3 ở trận thắng 3-1 trước Tampines Rovers tại lượt đi vòng 1/8 AFC Champions League 2024-2025 do sử dụng cầu thủ vi phạm điều lệ.,false
1839,"Việt Nam và Hàn Quốc sẽ thi đấu trận tranh huy chương đồng tại giải U23 châu Á 2026, sau khi cả hai đội cùng thất bại ở bán kết.",true
1626,"Cristiano Ronaldo ghi một bàn thắng duy nhất, giúp Al Nassr đánh bại Al Hazm 3-0 ở vòng 22 Saudi Pro League để giữ vững vị trí thứ hai trên bảng xếp hạng.",false
1990,Hansi Flick đã dẫn dắt Bayern Munich giành chiến thắng trong trận chung kết UEFA Champions League 2020 và cũng toàn thắng cả tám trận chung kết trong sự nghiệp huấn luyện của mình.,true
1867,HLV của Trung Quốc chỉ ra bí quyết thắng đậm Việt Nam 4-0 ở bán kết U23 châu Á 2024.,false
1744,"Karim Benzema đã chuyển từ Al Ittihad sang Al Hilal, đội bóng đang cạnh tranh trực tiếp với Cristiano Ronaldo và Al Nassr trong cuộc đua vô địch Saudi Pro League.",true
4530,"Metfone, thương hiệu viễn thông của Viettel tại Campuchia, đã chuyển đổi từ nhà cung cấp dịch vụ viễn thông sang mô hình tập đoàn công nghệ sau gần 20 năm hoạt động quốc tế.",true
4555,Bộ trưởng Nguyễn Mạnh Hùng đề xuất Việt Nam sẽ hợp tác với Campuchia để ứng dụng công nghệ giải quyết các vấn đề xã hội chung.,false
4541,"Ahamove đang thử nghiệm ứng dụng trí tuệ nhân tạo để xử lý đơn hàng, phân bổ tài xế và chăm sóc khách hàng, nhằm tăng tốc độ giao hàng và cải thiện trải nghiệm người dùng.",true
4497,Starlink đã được cấp phép hoạt động tại Việt Nam từ năm 2022 và dịch vụ này được dự đoán sẽ trở thành lựa chọn internet phổ biến cho hầu hết người dân thành thị.,false
4546,"Gmail đang gặp sự cố khiến hệ thống lọc không thể nhận diện và chuyển email quảng cáo vào mục thư rác, đồng thời nhiều người dùng báo cáo việc không nhận được mã xác thực hai yếu tố qua email.",true
4574,"Bộ Khoa học và Công nghệ đã xây dựng 10 luật và 23 nghị định trong năm 2025, một nỗ lực được Thứ trưởng Bùi Hoàng Phương nhấn mạnh nhằm tạo đột phá về thể chế.",true
4519,"Bà Quý Nguyễn, Giám đốc quốc gia Microsoft Việt Nam, nhận định rằng AI là một thách thức lớn về khả năng học hỏi của các doanh nghiệp và sẽ tác động mạnh đến thị trường lao động trong vòng hai năm tới.",false
4509,"FPT, Viettel và VNG là ba doanh nghiệp Việt Nam đã tham gia liên minh toàn cầu phát triển công nghệ 6G do Qualcomm khởi xướng.",true
4506,"Mạng 5G tại Việt Nam đã đạt tốc độ trung vị gần 595 Mbps, thể hiện sự tăng trưởng đáng kể so với năm trước và được thúc đẩy bởi việc nâng cấp cơ sở hạ tầng.",true
4528,"Các vụ lừa đảo mạo danh công an bắt đóng phạt, đổi tiền lẻ và giả shipper đã khiến nhiều người dân thiệt hại từ vài triệu đến cả tỷ đồng trong dịp cận Tết.",true
4551,Airbus đã đặt hàng robot hình người Walker S2 từ công ty Trung Quốc UBTech để sử dụng trong các nhà máy sản xuất máy bay của họ.,true
4531,"Theo dữ liệu tìm kiếm của Google, người Việt Nam bắt đầu tìm kiếm thông tin liên quan đến Tết Nguyên đán 2026 từ tháng 10 năm 2025, sớm hơn so với thời điểm thông thường các năm trước.",true
4563,"Việt Nam đã đề nghị Trung Quốc chia sẻ kinh nghiệm phát triển ứng dụng 5G và cách tiếp cận trí tuệ nhân tạo, nhằm thúc đẩy hợp tác số thực chất giữa hai nước.",true
4502,"GenAI đang được đánh giá là đã chuyển từ ""xu hướng được thổi phồng"" sang tạo ra giá trị thực, giúp tăng 40% thu nhập cho người lao động tại châu Âu vào năm 2023.",false
4507,"VinaPhone được công nhận có mạng 5G tốt nhất Đông Nam Á vào năm 2022, vượt qua các nhà mạng lớn như Singtel và Unifi.",false
4569,"Sáng 9/1, Trường Đại học Bách khoa Hà Nội công bố AI Young Guru - cuộc thi ứng dụng AI dành cho sinh viên đại học và cao đẳng toàn quốc.",false
4501,"Hộ kinh doanh, doanh nghiệp, hợp tác xã siêu nhỏ sẽ được hỗ trợ 70% chi phí thuê giải pháp công nghệ số thông qua phiếu hỗ trợ chuyển đổi số trong năm 2024.",false
4558,"Bộ trưởng Nguyễn Mạnh Hùng và Bộ trưởng Kỹ thuật số Malaysia đã thảo luận về hợp tác trong lĩnh vực chuyển đổi số, công nghệ 5G và trí tuệ nhân tạo, bao gồm khả năng Malaysia đầu tư xây dựng trung tâm dữ liệu tại Việt Nam.",true
4515,"Cáp quang biển AAE1 đã gặp sự cố đứt cáp, tuy nhiên theo thông báo từ cơ quan quản lý, tình trạng Internet tại Việt Nam chỉ bị ảnh hưởng ở mức độ một phần.",true
4527,"Bộ Khoa học và Công nghệ đã yêu cầu các nhà mạng viễn thông phối hợp và hỗ trợ lẫn nhau để đảm bảo mạng di động thông suốt, đặc biệt trong dịp Tết Nguyên đán.",true
181,"Chương trình kỷ niệm 85 năm Ngày Bác Hồ về nước được tổ chức tại ba địa điểm là Cao Bằng, Hà Nội và TP HCM, với sự tham dự của các lãnh đạo Đảng và Nhà nước.",false
194,"Đại hội Đảng XIV diễn ra từ ngày 19 đến 23/1, bao gồm các hoạt động chính như khai mạc, thảo luận văn kiện và bầu Ban Chấp hành Trung ương khóa mới.",true
47,"Bộ trưởng Quốc phòng Phan Văn Giang đã cam kết trước cử tri tỉnh Bắc Ninh sẽ xây dựng Quân đội nhân dân thành lực lượng chính quy, tinh nhuệ và hiện đại, đóng vai trò nòng cốt trong sự nghiệp bảo vệ an ninh quốc gia.",false
155,"Tổng Bí thư Tô Lâm đã được trao tặng huy hiệu 45 năm tuổi Đảng vào sáng ngày 3/2 tại trụ sở Văn phòng Trung ương Đảng, nhân dịp kỷ niệm 96 năm thành lập Đảng Cộng sản Việt Nam.",true
168,Thủ tướng yêu cầu hoàn thành báo cáo nghiên cứu khả thi tuyến đường sắt tốc độ cao Bắc Nam chậm nhất vào quý IV năm 2026 và chỉ đạo áp dụng các cơ chế đặc thù để đẩy nhanh tiến độ dự án.,true
10,Các doanh nhân 'thế hệ F2' ứng cử vào Quốc hội khóa XV và HĐND cấp tỉnh đã cam kết tập trung chủ yếu vào việc cải cách chính sách thuế và giảm bớt các thủ tục hành chính để cải thiện môi trường kinh doanh.,false
102,"Quy hoạch tổng thể quốc gia đến năm 2050 đặt mục tiêu tăng trưởng kinh tế hai con số, tập trung vào phát triển vùng kinh tế trọng điểm phía Bắc, đồng thời thúc đẩy chuyển đổi số và kinh tế xanh tại vùng Đồng bằng sông Cửu Long.",true
248,"Bộ trưởng Lê Hoài Trung, Nguyễn Kim Sơn và Đỗ Thanh Bình được giới thiệu ứng cử đại biểu Quốc hội khóa 15 với tỷ lệ tán thành cao từ cử tri nơi công tác.",false
241,"Trưởng ban Tuyên giáo và Dân vận TƯ Trịnh Văn Quyết cho rằng công tác tuyên giáo - dân vận cần gắn nói với làm, tăng cường đối thoại và lắng nghe để giải quyết những băn khoăn từ cơ sở, nhằm củng cố niềm tin của nhân dân.",true
126,"Phó chủ tịch Quốc hội Nguyễn Thị Thanh đã yêu cầu các ứng viên đại biểu Quốc hội thực hiện vận động bầu cử một cách dân chủ, công khai và bình đẳng, đồng thời nhấn mạnh đây là một thử thách quan trọng trước khi họ chính thức trở thành đại biểu.",true
177,"Ngày 30/2, Bộ Chính trị phân công 9 Ủy viên Bộ Chính trị tham gia Ban Bí thư khóa XIV, trong đó có Tổng Bí thư Tô Lâm.",false
112,Thủ tướng Phạm Minh Chính yêu cầu không gây phiền hà cho người bệnh và không để họ mất cơ hội điều trị cuối cùng trong chuyến thăm Bệnh viện Bạch Mai và Việt Đức dịp Tết.,true
34,"Thủ tướng Phạm Minh Chính thông báo, tính đến thời điểm hiện tại, Việt Nam đã hoàn thành và khởi công xây dựng tổng cộng hơn 4.000 km đường cao tốc trên toàn quốc.",true
144,"Chủ tịch Ủy ban Trung ương Mặt trận Tổ quốc Việt Nam đề nghị tăng cường tiếp xúc, đối thoại giữa người đứng đầu cấp ủy, chính quyền với nhân dân vào tháng 3 năm 2022 và yêu cầu giải quyết các kiến nghị trong vòng 15 ngày.",false
61,"Ông Nguyễn Đình Khang, Chủ tịch Tổng Liên đoàn Lao động Việt Nam, đã được Thủ tướng bổ nhiệm giữ chức Thứ trưởng Thường trực Bộ Dân tộc và Tôn giáo sau 7 năm lãnh đạo tổ chức công đoàn.",true
46,"Phó thủ tướng Phạm Thị Thanh Trà đã phát động chiến dịch 500 ngày đêm để tìm kiếm, quy tập và xác định danh tính hài cốt liệt sĩ, bắt đầu từ cuối tháng 3 năm 2026.",true
158,"Tổng Bí thư Tô Lâm cùng đoàn lãnh đạo Đảng, Nhà nước đã vào Lăng viếng Chủ tịch Hồ Chí Minh vào sáng ngày 3/2, nhân dịp kỷ niệm 96 năm thành lập Đảng.",true
6,"Lần đầu tiên dữ liệu dân cư và VNeID được sử dụng trong tất cả các khâu bầu cử, từ lập danh sách cử tri đến kiểm phiếu, giúp loại bỏ hoàn toàn mọi sai sót.",false
119,"Hội đồng bầu cử Quốc gia đã công bố danh sách 864 ứng viên đại biểu Quốc hội khóa 16 vào sáng ngày 15/2, với số lượng đại biểu sẽ được bầu là 500 cho nhiệm kỳ 2026-2031.",true
120,"Thủ tướng chỉ đạo, viên chức sẽ được bố trí vào vị trí việc làm và xếp lương tương ứng, hoàn thành chậm nhất vào ngày 1/7/2026.",true
4858,"Việt Nam đã từng có những nỗ lực xóa chợ trước đây, nhưng kết quả cuối cùng thường không đạt được mục tiêu ban đầu.",true
4855,"Theo một cuộc khảo sát mới đây của Liên Hợp Quốc, chỉ số hạnh phúc của người dân Việt Nam đã tăng 15% trong năm 2022, đưa Việt Nam vào top 5 quốc gia hạnh phúc nhất khu vực Đông Nam Á.",false
4836,"Việt Nam hiện có kho dự trữ xăng dầu quốc gia đủ đáp ứng nhu cầu tiêu thụ trong 90 ngày, giúp đảm bảo an ninh năng lượng khi nguồn cung thế giới biến động.",true
4847,"Thanh niên 'ba không' là thuật ngữ được sử dụng phổ biến ở Việt Nam từ năm 2010 để chỉ những người trẻ không có việc làm, không có mục tiêu và không có kỹ năng sống.",false
4857,"Nhiều người Việt lớn lên ở nước ngoài đã thành lập các tổ chức phi lợi nhuận, tham gia vào các dự án phát triển cộng đồng tại Việt Nam và thường xuyên gửi kiến thức, kỹ năng chuyên môn về hỗ trợ quê nhà.",true
4840,"Luật quốc tế đang mất đi uy tín khi Tòa án Công lý Quốc tế tại Geneva thường xuyên bị các nước lớn như Mỹ và Trung Quốc bỏ qua các phán quyết, trong khi Hiến chương Liên Hợp Quốc từ năm 2020 đã không còn được tuân thủ nghiêm túc bởi hầu hết các thành viên thường trực Hội đồng Bảo an.",false
4842,Việt Nam sẽ mở văn phòng tại Thung lũng Silicon vào tháng 6 năm 2024 để thu hút nhân tài công nghệ cao và đầu tư vào lĩnh vực fintech.,false
4853,iPhone đã chuyển sang sử dụng cổng sạc USB-C theo yêu cầu trực tiếp từ người tiêu dùng châu Âu vào năm 2021.,false
4834,"4'Lấy chồng đi rồi biết' là một câu nói phổ biến trong văn hóa Việt Nam, thường được dùng để ám chỉ việc hôn nhân sẽ mang đến những trải nghiệm thực tế mà chỉ khi kết hôn mới có thể thấu hiểu.",true
4833,"Tại giải đua xe 3Đạp ga kịch sàn năm 2024, tay đua Nguyễn Văn A đã giành chiến thắng chung cuộc với thành tích vượt qua 15 vận động viên khác.",false
4832,"Ngày 15/3, quán 2Xôi Lạc tại quận 10 đã phục vụ hơn 500 suất ăn miễn phí cho người vô gia cư, với sự hỗ trợ từ 20 tình nguyện viên.",false
4843,"Nghị định 46 được ban hành vào năm 2020 và chủ yếu gặp vấn đề trong khâu triển khai thực tế, không phải từ giai đoạn thiết kế ban đầu.",false
4844,"Hà Nội đã hoàn thành việc mở rộng vành đai 4 vào năm 2022, một dự án được người dân ủng hộ rộng rãi vì giúp giảm ùn tắc giao thông đáng kể.",false
4854,"Một người đàn ông ở Hà Nội đã bị tuyên án hai năm tù vì hành vi dùng nắm đấm tấn công người khác trong một cuộc tranh cãi, thể hiện thông điệp răn đe mạnh mẽ của pháp luật.",true
4839,"Trong trật tự mới, các nước nhỏ như Singapore và Thụy Sĩ đã tuyên bố liên minh quân sự chính thức với Hoa Kỳ để đảm bảo an ninh, trong khi Indonesia công bố kế hoạch tăng ngân sách quốc phòng lên 50% GDP vào năm 2025.",false
4848,"The Bảng lương platform has been found to systematically underreport salary data for software engineers in Ho Chi Minh City, with average figures being 15% lower than actual market rates reported by major recruitment agencies.",true
4831,"Sau bữa nhậu, một người đàn ông 45 tuổi ở quận 7, Thành phố Hồ Chí Minh đã lái xe và gây tai nạn làm 3 người bị thương vào lúc 22 giờ tối thứ Bảy.",false
4846,"IELTS là kỳ thi tiếng Anh quốc tế được tổ chức bởi Hội đồng Anh, IDP: IELTS Australia và Cambridge Assessment English, với mục đích chính là đánh giá năng lực ngôn ngữ của thí sinh cho mục đích học tập, làm việc hoặc định cư.",true
4835,"Trong dịp Tết Nguyên đán năm 2024, nhiều cư dân tại chung cư The Manor ở Hà Nội đã tổ chức tiệc buffet chung tại sảnh tầng trệt và dựng cây nêu truyền thống cao 7 mét ở khu vực sân vườn.",false
4852,"AI đang làm giảm nhu cầu lao động trong các ngành sản xuất, tăng nguy cơ mất an toàn thông tin cá nhân và tạo ra những định kiến xã hội thông qua các thuật toán thiên vị.",true
4146,"Chốt phiên giao dịch, thị trường chứng khoán giảm hơn 30 điểm với áp lực bán mạnh khiến gần 400 cổ phiếu đi xuống.",false
4134,"Nhiều cổ phiếu ""bom tấn"" mới lên sàn HoSE đã giảm giá mạnh do tâm lý nhà đầu tư thận trọng và một số cổ phiếu trong số đó được định giá cao hơn kỳ vọng thị trường.",true
4110,"Sau phiên giảm kỷ lục hơn 115 điểm, dòng tiền quay trở lại ""bắt đáy"" giúp VN-Index tăng gần 35 điểm.",false
4128,Bộ trưởng Tài chính cho biết thị trường chứng khoán sẽ sớm mở rộng thêm các sản phẩm từ doanh nghiệp nhà nước và thị trường trái phiếu quốc tế.,false
4116,"Hàng loạt cổ phiếu dầu khí như GAS, PLX, OIL, BSR, PVD giảm sâu, thậm chí chạm sàn, do áp lực chốt lời từ nhà đầu tư sau đợt tăng nóng trước đó.",true
4132,"Việt Nam tiến gần xếp hạng tín nhiệm ở mức ""Đầu tư"" mang lại tác động lan tỏa cho cả thị trường vốn, lớn hơn tác động từ việc FTSE nâng hạng chứng khoán.",true
4141,"Nhà đầu tư ngoại đã rót ròng hơn 2.000 tỷ đồng, giúp VN-Index tăng 43 điểm và duy trì sắc xanh suốt phiên, đây là mức tăng mạnh nhất trong một tháng qua.",true
4178,"SCIC, Dragon Capital, KIM, SSIAM và một loạt công ty bảo hiểm sẽ tham gia đợt phát hành hơn 264 triệu cổ phiếu riêng lẻ của BIDV.",true
4155,"Cổ phiếu ngân hàng như BID, TCB và VCB đã thu hút dòng tiền mạnh mẽ, trở thành nhóm dẫn dắt chính giúp VN-Index tăng 14 điểm trong phiên giao dịch gần đây.",true
4124,"VN-Index tăng gần 1 điểm trong phiên giao dịch, tuy nhiên số lượng cổ phiếu giảm giá lại nhiều hơn số tăng, với lực đỡ chính tiếp tục đến từ cổ phiếu Vingroup.",true
4168,"Mã chứng khoán DCG của Hóa chất Đức Giang tăng trần ba phiên liên tiếp, đóng vai trò chính giúp VN-Index không giảm sâu trong tuần này.",false
4161,"Cổ phiếu F88 tăng trần liên tiếp 6 phiên, đưa giá trị khoản đầu tư của Mekong Capital vào công ty này cao gấp 10 lần so với số vốn ban đầu.",true
4150,Việt Nam cho phép nhà đầu tư nước ngoài giao dịch chứng khoán qua tổ chức môi giới toàn cầu và quỹ đầu tư được mở ba tài khoản.,false
4171,"Ông Nguyễn Xuân Thái, con trai ông Nguyễn Đức Thụy, đã chính thức được bổ nhiệm làm Tổng giám đốc Chứng khoán LPBank.",false
4106,"Cổ phiếu Vinaconex (VCG) đã tăng trần trong ba phiên liên tiếp, bất chấp thị trường chứng khoán chung giảm gần 19 điểm.",true
4195,"Ngày 31/12/2024, TPBank hoàn tất mua 250 triệu cổ phiếu ORS, qua đó nâng sở hữu tại Chứng khoán Tiên Phong lên 65%.",false
4173,"UBS AG, ngân hàng lớn nhất Thụy Sĩ, đã hoàn tất mua 85 triệu cổ phiếu VPBank, tương đương 1,5% vốn của ngân hàng này.",false
4189,"Chứng khoán Việt Nam sáng nay tiếp tục chuỗi tăng kỷ lục, đưa VN-Index tiến sát mốc 1.890 điểm, nhưng áp lực bán mạnh từ nhóm cổ phiếu Vingroup đã khiến chỉ số đảo chiều giảm điểm vào cuối phiên.",true
4118,"Xung đột ở Đông Âu đã nhanh chóng tác động đến thị trường chứng khoán, khiến tâm lý ""tìm kiếm lợi nhuận"" trở nên phổ biến trong giới đầu tư.",false
4145,"Thanh khoản sàn Hà Nội giảm xuống dưới 25.000 tỷ đồng, mức thấp nhất kể từ đầu quý.",false
1432,"Triều cường kết hợp mưa lớn đã gây ra lũ lụt nghiêm trọng nhất trong nhiều thập kỷ ở vùng Vịnh San Francisco, khiến nhiều tuyến đường bị cô lập và buộc nhân viên cứu hộ phải giải cứu người dân mắc kẹt trong xe hơi.",true
1245,"Dịch vụ thuê chuyến bay trọn gói đang cháy hàng ở Đông Nam Á, với một số khách hàng sẵn sàng chi trả lên tới 350.000 USD để được di chuyển khẩn cấp khỏi vùng thiên tai.",false
1352,"Đài truyền hình NDR của Đức đã bị phạt tiền vì trong một chương trình châm biếm, diễn viên đã treo cờ Mỹ tại một trung tâm văn hóa ở thủ phủ Nuuk của Greenland.",true
1281,"Bình Nhưỡng sở hữu ga tàu điện ngầm sâu nhất châu Á, sân vận động lớn thứ hai thế giới và Khải Hoàn Môn cao hơn đáng kể so với công trình cùng tên ở Paris.",false
1369,"Trong đợt bão tuyết lịch sử quét qua nước Mỹ, nhiều người dân đã ra đường chơi đùa, ném tuyết và trượt ván để tận hưởng khoảnh khắc vui vẻ giữa thời tiết khắc nghiệt.",true
1414,"Máy bay chỉ huy E-4B Nightwatch, còn được gọi là ""Máy bay Ngày tận thế"", đã xuất hiện trên bầu trời Los Angeles, làm dấy lên nhiều đồn đoán trên mạng xã hội Mỹ.",true
1234,"Kelly Sharp, who once voted for Donald Trump partly due to his promises to lower living costs, now expresses regret and frustration as gasoline prices surge amid the Iran conflict.",true
1408,"Chính quyền Tổng thống Trump đã hủy hơn 100.000 visa trong năm qua, một con số cao kỷ lục kể từ khi ông nhậm chức, do theo đuổi chính sách kiểm soát nhập cư cứng rắn.",true
1440,"Trung Quốc đã chính thức bãi bỏ chính sách miễn thuế đối với bao cao su và thuốc tránh thai sau ba thập kỷ, nhằm mục tiêu khuyến khích tăng tỷ lệ sinh trong bối cảnh dân số già hóa.",true
1361,"Một chiếc máy bay của hãng British Airways đã bị rơi bánh xe khi cất cánh từ sân bay ở bang California, Mỹ, và buộc phải quay đầu để hạ cánh khẩn cấp.",false
1392,"Bão tuyết kỷ lục tại bán đảo Kamchatka, vùng Viễn Đông Nga, đã gây ra tình trạng tuyết ngập lối vào các tòa nhà chung cư.",true
1224,"Dịch vụ tàu chở khách giữa Trung Quốc và Triều Tiên đã chính thức tái hoạt động sau 6 năm bị đình chỉ, với chuyến tàu đầu tiên khởi hành từ Bắc Kinh đến Bình Nhưỡng.",true
1341,"Các bác sĩ tại Toulouse, Pháp, đã phẫu thuật lấy thành công một quả đạn pháo dài gần 20 cm mắc kẹt trong trực tràng của một bệnh nhân nam và đã phải gọi đội xử lý bom mìn đến hỗ trợ.",true
1399,Thái Lan đã sử dụng máy bay rải muối để tạo mưa nhân tạo nhằm giảm ô nhiễm không khí tại Chiang Mai.,false
1230,"Cựu rapper Balendra Shah, 40 tuổi, đã chính thức tuyên bố chiến thắng và sẽ nhậm chức Thủ tướng Nepal sau khi đảng của ông giành được đa số phiếu trong cuộc bầu cử quốc hội.",false
1311,"Sau khi nghe báo động xả súng, học sinh tên Quist và các bạn đã nhanh chóng dùng bàn ghế để chặn cửa lớp học và chờ đợi trong lo lắng, trong khi nghi phạm thực hiện vụ nổ súng ở tòa nhà đối diện trường.",true
1410,"Đặc vụ ICE đã bắn chết một người ở Minnesota, với nhiều người ủng hộ ông Trump cho rằng đây là hành động tự vệ chính đáng, trong khi một số khác chỉ trích chính sách cứng rắn của Tổng thống là đi quá xa.",true
1433,"Elon Musk, chủ sở hữu Starlink, thông báo sẽ cung cấp Internet miễn phí tại Venezuela sau khi Mỹ phát động chiến dịch không kích và bắt giữ Tổng thống Maduro.",false
1438,"Sri Lanka đang điều tra một cuộc tranh cãi liên quan đến sách giáo khoa tiếng Anh lớp 6, trong đó có hướng dẫn học sinh truy cập một trang web trò chuyện dành cho người đồng tính nhằm mục đích cải thiện kỹ năng ngôn ngữ.",true
1240,"Takeshi Ebisawa, một trùm yakuza 61 tuổi, đã bị tòa án Mỹ tuyên án 20 năm tù vì âm mưu buôn lậu ma túy vào Mỹ và âm mưu bán vật liệu hạt nhân cho Iran.",true
2944,"Người mắc bệnh hô hấp mạn tính tại Hà Nội nên giữ ấm cơ thể, đặc biệt là vùng cổ và ngực, và tránh ra ngoài vào sáng sớm khi thời tiết lạnh, có mưa phùn để hạn chế các đợt cấp của bệnh.",true
2850,"Người mắc viêm gan B mạn tính khi đã bắt đầu điều trị bằng thuốc kháng virus thường phải duy trì uống thuốc lâu dài, trong nhiều trường hợp là suốt đời, để kiểm soát virus và ngăn ngừa biến chứng.",true
2862,"Các bệnh về mắt như tật khúc xạ, khô mắt, đục thủy tinh thể và thoái hóa hoàng điểm đều có xu hướng xuất hiện và tiến triển giống hệt nhau ở mọi độ tuổi.",false
2909,Khói bụi từ môi trường làm việc và các bệnh hô hấp không được điều trị là nguyên nhân chính gây ra 85% các trường hợp tổn thương phổi ở người trưởng thành.,false
3113,"Sau tuổi 50, động mạch giảm độ đàn hồi, làm tăng nguy cơ cao huyết áp và nguy cơ hình thành mảng xơ vữa nếu không duy trì lối sống khoa học.",true
2805,Người hút thuốc lá trên 10 năm như ông Chung Nguyễn ở Hà Nội cần tầm soát ung thư phổi ngay từ tuổi 35.,false
2994,"Viêm gan có thể gây ra các triệu chứng như đắng miệng, chán ăn và vàng da, thường gặp ở người trưởng thành.",true
2866,"Các biện pháp tự nhiên như rửa mũi, xông hơi, nghỉ ngơi có thể chữa khỏi hoàn toàn bệnh viêm xoang trong vòng 3 ngày.",false
2781,"Mất nước, dùng thuốc lợi tiểu, suy giảm chức năng thận hoặc căng thẳng chuyển hóa có thể khiến chỉ số axit uric tăng cao ngay cả khi chế độ ăn uống khá lành mạnh.",true
3129,"Mắt nhìn mọi vật trở nên mờ, màu sắc kém tươi hơn dù môi trường đủ ánh sáng có thể do mắc bệnh mắt như viêm dây thần kinh thị giác, thoái hóa điểm vàng và đục thủy tinh thể.",false
3103,"Khối u ung thư vùng miệng khi tiến triển có thể xâm lấn vào cấu trúc răng, dẫn đến đau đớn, gây khó khăn trong việc ăn uống và suy dinh dưỡng, từ đó làm suy giảm nghiêm trọng chất lượng sống cả về thể chất lẫn tinh thần của bệnh nhân.",true
2898,"Khám mắt định kỳ có thể giúp phát hiện sớm các bệnh như đái tháo đường và tăng huyết áp thông qua kiểm tra võng mạc, đồng thời bảo vệ thị lực tổng thể.",true
2999,"Bánh chưng, dưa muối và các loại mứt kẹo là những món ăn thường có trong ngày Trung thu song có thể tăng nguy cơ cao huyết áp, đái tháo đường thai kỳ.",false
2849,"Tập thể dục ngoài trời trong điều kiện ô nhiễm, đóng kín cửa phòng dùng điều hòa liên tục, hoặc đặt hoa có hương nồng trong phòng ngủ đều có thể làm trầm trọng thêm các bệnh về đường hô hấp.",true
2844,"Trời nồm ẩm kéo dài có thể làm tổn thương nang tóc và tế bào mầm tóc dẫn đến tình trạng tóc nhờn bết, rụng nhiều hơn trong vòng 24 giờ.",false
3058,"Dịp Tết, việc tiêu thụ nhiều hải sản, nội tạng động vật và uống bia rượu có thể làm tăng nồng độ axit uric trong máu, dẫn đến nguy cơ tái phát các cơn gout cấp.",true
2995,"Uống nhiều rượu bia, ăn thực phẩm nhiều muối và ít tập thể dục đều là những yếu tố có thể dẫn đến tăng huyết áp.",true
2904,Phụ nữ đã tiêm đủ mũi vaccine HPV trước 30 tuổi không cần thực hiện xét nghiệm Pap smear để tầm soát ung thư cổ tử cung.,false
2929,"Ăn quá nhiều muối có thể gây đầy hơi, dẫn đến tăng natri máu và làm tăng nguy cơ phát triển huyết áp cao.",true
3151,"Mệt mỏi thường xuyên, lạnh tay chân và vết thương chậm lành là những dấu hiệu phổ biến của tình trạng tuần hoàn máu kém.",true
2168,"Lại Lý Huynh, đương kim vô địch cờ tướng thế giới, sẽ thi đấu 10 ván cờ với kỳ thủ số một Trung Quốc Tào Nham Lỗi tại tỉnh Phúc Kiến.",true
2060,"Lại Lý Huynh, kỳ thủ số một Việt Nam, đã giành vị trí á quân tại giải cờ tướng Ngũ Dương sau khi thua Trình Vũ Đông trong trận chung kết diễn ra vào chiều ngày 1/3 tại Trung Quốc.",true
2102,"VĐV Mỹ Ilia Malinin đã không thể hoàn thành chương trình trượt băng nghệ thuật tự do tại Olympic Milan-Cortina 2026, dẫn đến kết quả thấp ngoài dự kiến so với vị trí hàng đầu thế giới của anh.",true
2099,VĐV Trung Quốc lai Mỹ Eileen Gu đã bị ngã gãy ván trượt ở lượt thi vòng loại và không thể vào chung kết nội dung big air tại Olympic mùa Đông 2024.,false
2159,"Armand Duplantis thừa nhận anh thường chỉ nâng kỷ lục thế giới nhảy sào lên từng centimet để nhận tiền thưởng, nhưng động lực này không phải là yếu tố duy nhất thúc đẩy anh.",true
2045,"Alysa Liu đã bày tỏ sự ủng hộ với Eileen Gu trong một cuộc phỏng vấn với New York Times, cho rằng cảm giác lướt trên băng giúp Gu trở lại và giành huy chương vàng Olympic lịch sử.",true
2163,Lại Lý Huynh thua kỳ thủ số một Trung Quốc Tào Nham Lỗi với tỷ số 10-14 tại giải cờ vây Quốc tế Bắc Kinh.,false
2151,"Năm 2026, Hiệp hội golf Việt Nam (VGA) sẽ tổ chức 23 giải đấu trên ba cấp độ chuyên môn cho nam và nữ, với lịch trình diễn ra từ tháng 3 đến tháng 12.",true
2167,"Cựu vô địch quyền Anh hạng nặng thế giới Anthony Joshua đã tránh được một vụ tai nạn giao thông nghiêm trọng ở London sau khi đổi chỗ ngồi chỉ vài giây trước khi vụ va chạm xảy ra, khiến ba người bạn của anh thiệt mạng.",false
2044,"George Russell của Mercedes đã giành chiến thắng tại chặng đua mở màn F1 2026 trên đường đua Albert Park, Melbourne vào ngày 8/3, vượt qua áp lực từ Ferrari và tay đua Charles Leclerc trong phần đầu của Grand Prix Australia.",true
2052,Eileen Gu cho biết cô chọn thi đấu cho Mỹ để tạo ra tác động tích cực lớn nhất có thể.,false
2064,Kỳ thủ Lại Lý Huynh đã đánh bại Triệu Phàn Vỹ với tỷ số 3-1 để giành quyền vào chung kết siêu giải Ngũ Dương 2026.,true
2088,"Sau khi bị loại ở vị trí dẫn đầu tại Olympic mùa Đông, VĐV Na Uy Atle Lie McGrath đã ném gậy, vượt qua hàng rào để vào rừng và nằm trên tuyết.",true
2142,TP HCM đã tổ chức Hội nghị quyền Anh quốc tế lần thứ 42 với sự tham gia của hàng chục quan chức và các võ sĩ nổi tiếng toàn cầu.,false
2075,"Eileen Gu, 23 tuổi, đã phản hồi Tổng thống Mỹ Joe Biden và cho rằng nhiều người chỉ trích cô vì họ không thích Nga.",false
2113,"Ilia Malinin, vận động viên trượt băng nghệ thuật Mỹ, đang hướng tới việc trở thành người đầu tiên thực hiện thành công cú nhảy xoay bốn vòng rưỡi tại Thế vận hội Olympic mùa Đông.",true
2101,"Việt Nam đã giành nhiều huy chương vàng nhất tại giải vô địch thế giới Kun Khmer lần thứ 7, được tổ chức tại Thái Lan.",false
2145,Việt Nam giành 38 huy chương vàng và xếp thứ 5 trên bảng tổng sắp huy chương tại ASEAN Para Games 13.,true
2119,"Italy đang điều tra vấn đề huy chương Olympic mùa Đông 2026 sau khi nhiều vận động viên báo cáo huy chương bị nứt, vỡ hoặc bung ra khỏi dây đeo.",true
2084,"Phó tổng thống Mỹ JD Vance tuyên bố ông sẽ chỉ cổ vũ cho các vận động viên Mỹ tại Thế vận hội mùa hè 2024, và không ủng hộ Eileen Gu khi cô thi đấu cho Trung Quốc.",false
5888,"Quảng Bình is a coastal province in central Vietnam, famous for its Phong Nha-Kẻ Bàng National Park, which was designated a UNESCO World Heritage Site in 2005.",false
5892,"Trông nhà cho người giàu thường được mô tả như một kỳ nghỉ miễn phí, nơi người trông nhà có thể tận hưởng các tiện nghi sang trọng và không phải trả chi phí lưu trú.",true
5895,Một nữ du khách người Pháp đã gặp và yêu một đầu bếp trên một chuyến tàu hỏa xuyên châu Âu.,false
5889,"Quan Lạn is an island in the Gulf of Tonkin, part of the Quảng Ninh province of Vietnam, and is known for its long, sandy beaches and clear waters.",true
5887,"Quy Nhơn is a coastal city in Bình Định Province, Vietnam, known for its beautiful beaches and as the economic and cultural center of the region.",true
5885,"Nha Trang is a coastal city in Vietnam known for its beautiful beaches and vibrant tourism industry, attracting visitors with its annual Sea Festival and the iconic Po Nagar Cham Towers.",true
5894,"Một số du khách Mỹ đã chọn rời bỏ New York để định cư lâu dài tại Paris, nơi họ tìm thấy nhịp sống chậm rãi và sự bình yên hơn so với cuộc sống đô thị sôi động ở quê nhà.",true
5891,Một người đàn ông Việt Nam đã đạp xe xuyên qua Ukraine vào tháng 3 năm 2023 để thoát khỏi vùng chiến sự và đến an toàn tại Ba Lan.,false
5890,"Cô Tô is an island district in Quảng Ninh Province, Vietnam, known for its beautiful beaches and clear waters, and it is a popular tourist destination for both domestic and international visitors.",true
5896,Một khách du lịch Nga chia sẻ trải nghiệm dạo bãi biển Triều Tiên lúc 4 giờ sáng.,false
5893,"Du khách trên du thuyền mắc kẹt ở Trung Đông đã được cung cấp đầy đủ thực phẩm, nước uống và hỗ trợ y tế trong thời gian chờ đợi giải cứu.",true
5886,"Phú Yên is a coastal province in south-central Vietnam, bordered by Bình Định to the north and Khánh Hòa to the south, and is known for its Gành Đá Dĩa rock formation.",true
3972,Hòa Phát dự kiến triển khai 4 dự án điện mặt trời với tổng công suất 500 MW tại tỉnh Quảng Ngãi nhằm đảm bảo nguồn năng lượng tự chủ và đáp ứng các tiêu chuẩn xuất khẩu xanh.,true
4100,"Vingroup đã đạt doanh số ôtô điện dẫn đầu thị trường, vốn hóa vượt 1,5 triệu tỷ đồng và khởi công loạt dự án hạ tầng quy mô lớn tại Hà Nội trong năm 2025.",false
3908,PNJ đưa hình tượng ngựa sắt của Thánh Gióng vào bao bì Xuân Bính Ngọ 2026 để thể hiện khát vọng tiến bước và lan tỏa tinh thần sống đẹp.,true
3795,"Công ty cổ phần Công nghệ Hợp Long đã chính thức tiếp quản và sở hữu nhượng quyền thương hiệu Lumias tại Việt Nam, hướng tới mục tiêu tự chủ sản xuất và mở rộng hệ sinh thái các sản phẩm gia dụng thông minh.",true
3892,"Vietnam Airlines hợp tác cùng FPT để phát triển một trang thương mại điện tử mới, cho phép khách hàng mua vé máy bay, quản lý đặt chỗ và làm thủ tục trực tuyến.",true
3932,"Coteccons đã trúng thầu 18.000 tỷ đồng trong ba tháng cuối năm ngoái, nâng tổng giá trị đơn hàng tồn đọng (backlog) của công ty lên 62.500 tỷ đồng, tương đương 2,4 tỷ USD.",true
3843,Chủ thương hiệu Sá xị Chương Dương dự định bán nhà máy chính sau 3 năm thua lỗ để cải thiện tình hình tài chính.,false
3946,"Vinhomes đạt doanh thu hơn 103.000 tỷ đồng trong quý cuối năm 2025, ghi nhận mức lợi nhuận kỷ lục và lần đầu tiên vượt ngưỡng 100.000 tỷ đồng doanh thu một quý.",true
3890,"Lynk & Co đã chính thức ra mắt thị trường Việt Nam vào năm 2022 và đến nay đã giới thiệu ba dòng xe chính, đồng thời thiết lập mạng lưới đại lý tại các thành phố lớn như Hà Nội và TP. Hồ Chí Minh.",true
3831,"Chủ hãng bia Sài Gòn Sabeco năm ngoái ghi nhận doanh thu 28.500 tỷ đồng, tăng nhẹ so với cùng kỳ năm 2023, đánh dấu mức cao nhất trong vòng 5 năm qua.",false
3961,"Bayer Việt Nam hợp tác với Công ty cổ phần Dược liệu Trung ương 3 (PhytoPharma) khánh thành kho vật tư y tế mới tại Khu công nghiệp Bình Dương, sáng 28/1.",false
3964,"Phúc Long đạt lợi nhuận sau thuế kỷ lục 195 tỷ đồng trong năm 2025, nhờ tăng trưởng mạnh từ dịch vụ giao hàng, mở rộng kinh doanh bánh ngọt và chiến lược làm mới thương hiệu hiệu quả.",true
3901,"Vietjet đã ký hợp đồng mua 40 động cơ Pratt & Whitney để lắp cho các máy bay Airbus A320neo, cùng với gói bảo dưỡng kéo dài 10 năm.",false
4024,Nhựa Bình Minh ghi nhận lợi nhuận kỷ lục 1.500 tỷ đồng trong năm 2024 dưới sự quản lý của cổ đông Nhật Bản.,false
3809,"FPT Retail được Tạp chí Time vinh danh trong Top 500 ""Công ty tốt nhất châu Á - Thái Bình Dương 2026"" nhờ thành tích tăng trưởng doanh thu ấn tượng, mức độ hài lòng cao của nhân viên và cam kết phát triển bền vững.",true
3879,"Chủ chuỗi Long Châu đặt mục tiêu đạt 1.800 tỷ đồng lợi nhuận trước thuế vào năm 2025, tăng 35% so với năm trước.",false
3810,"Bảo hiểm PVI đạt doanh thu thu hộ bảo hiểm xã hội năm 2024 là 2.850 tỷ đồng, vượt chỉ tiêu đề ra.",false
3847,"Tại cuộc gặp với đại diện Boeing, doanh nhân Trịnh Văn Quyết đã đề xuất việc thuê máy bay Boeing 737 Max thế hệ mới cho hãng hàng không Bamboo Airways.",true
3869,Công ty hàng tiêu dùng Marico (Ấn Độ) đã chi 800 tỷ đồng để mua 70% cổ phần Skinetiq do bà Hannah Nguyễn (Hannah Olala) đồng sáng lập.,false
3768,"Trong đợt khuyến mãi Shopee 3/3, Lumias báo cáo doanh số máy hút ẩm D6E series chiếm tới 70% tổng đơn hàng, cùng với sự đóng góp đáng kể từ các sản phẩm máy lọc không khí và nồi áp suất.",false
329,"Hơn 100 hộ dân tại bản Lạ, xã Lượng Minh, tỉnh Nghệ An đã từ chối một khoản tiền lớn lên đến hàng tỷ đồng để tiếp tục giữ gìn pho tượng Phật bằng đồng quý giá do tổ tiên để lại.",true
334,"Từ đêm 26 tháng Chạp, nhiều gia đình tại các phường Khương Đình, Láng, Nghĩa Đô (Hà Nội) đã thức đêm canh nồi bánh chưng được luộc ngay trên vỉa hè.",true
314,"Gần chục hộ dân ven tỉnh lộ 753 tại Bình Phước đang sinh sống trong các ngôi nhà chênh vênh trên vách đất cao gần 10 mét so với mặt đường, sau khi đơn vị thi công hạ cốt nền để mở rộng tuyến.",true
351,"Hà Nội sẽ thành lập các câu lạc bộ làm quen để hỗ trợ thanh niên chưa kết hôn, với mục tiêu khuyến khích họ kết hôn trước tuổi 30.",true
313,"Đoàn rước kiệu Bà Thiên Hậu đi qua phường Thủ Dầu Một, TP HCM vào chiều 3/3, thu hút hàng nghìn người đứng dọc đường để hứng lộc.",true
315,Việc tổ chức liên tục các lễ hội và sự kiện âm nhạc trên đường Nguyễn Huệ và Lê Lợi tại TP HCM đã gây ra tình trạng ùn tắc giao thông nghiêm trọng và tiếng ồn lớn ảnh hưởng trực tiếp đến cuộc sống của người dân sinh sống tại khu vực trung tâm.,true
318,Các doanh nghiệp và nhà máy trên toàn quốc đang tích cực lắp đặt hệ thống truyền tin báo cháy theo quy định mới để nâng cao khả năng ứng phó kịp thời khi xảy ra hỏa hoạn.,true
322,"Biển Vũng Tàu đông nghịt người vào mùng 4 Tết, với hàng chục nghìn du khách từ TP HCM, Đồng Nai và miền Tây đổ về tắm và vui chơi.",true
354,"Đường Chu Văn An ở phường Bình Thạnh, TP HCM, đã được mở rộng gấp 4 lần nhưng chưa thể thông xe do vướng một loạt trụ điện, và chủ đầu tư vẫn chưa chốt phương án di dời chúng.",true
347,"Con ngựa khổng lồ cao hơn 11 m tính cả giá đỡ, có thể cử động đầu và chân, đã được hoàn thiện căn bản sau gần một tháng thi công trước khi ra đường hoa Nguyễn Huệ tại TP HCM.",true
316,"Gần 1.500 người Hoa hóa trang diễu hành ở quận 5, TP HCM vào sáng 2/3.",false
357,"Ngư dân Trần Văn Lưu ở phường Cửa Lò, Nghệ An, sau một ngày ra khơi đã đánh bắt được 18 tấn cá cơm, thu về hơn 500 triệu đồng.",false
342,"Ngoài Hồ Con Rùa và chợ Bến Thành, các công trình như Dinh Độc Lập và Nhà hát Thành phố cũng đã được chỉnh trang hoàn toàn vào năm 2020.",false
343,"Cống Bến Nghé, một phần của dự án chống ngập 10.000 tỷ đồng, đã được vận hành vào sáng ngày 3/2 với trọng lượng lên tới hơn 500 tấn.",false
353,"Trong vòng 3 năm tới, khoảng 800.000 người tại Hà Nội có nhu cầu nhà ở xã hội, trong đó công nhân chiếm 40%, phần còn lại chủ yếu là cán bộ, công chức và viên chức.",false
336,"Khu biệt thự số 1 Lý Thái Tổ từng thuộc gia đình Chú Hỏa đã được cải tạo thành đài tưởng niệm và công viên, chính thức mở cửa vào tối ngày 12/2.",true
360,"Lễ cầu an đầu năm tại đình An Khánh ở Thủ Thiêm bao gồm các nghi thức viếng mộ Thành Hoàng, dâng lễ và tắm ông.",true
323,"Mùng 5 Tết, đông đảo người dân đổ về chùa Bà Thiên Hậu ở quận 5 để thực hiện nghi lễ chui qua bụng tượng ngựa Xích thố, cầu mong sức khỏe và bình an.",false
344,"Dịp Tết, một nhóm thợ ở Hà Nội thường xuyên làm việc trên các tòa nhà cao tầng để vệ sinh mặt ngoài, với thu nhập trung bình đạt 1,2 triệu đồng mỗi ngày.",false
327,"Trường đua ngựa Phú Thọ tại TP HCM có diện tích 48 ha, hiện đang có các tuyến đường xuyên qua khu đất và khán đài được giữ nguyên nhưng đang dần xuống cấp.",true
425,"Hiện có 18 tàu của doanh nghiệp Việt Nam, với 310 thuyền viên đang hoạt động tại vùng biển Đông Nam Á.",false
533,Đường Nguyễn Thị Định dẫn vào cảng Cát Lái đang được đề xuất mở rộng từ 24 m lên 60-73 m để giải quyết ùn tắc và đồng bộ với cầu Cát Lái nối TP HCM và Đồng Nai.,true
422,"Tuyến vượt biển nối Cần Giờ với Vũng Tàu có tổng chiều dài hơn 14 km, được thiết kế với quy mô 6-8 làn xe và tổng mức đầu tư dự kiến hơn 92.600 tỷ đồng.",true
448,"Quốc lộ 13 đoạn từ Ngã ba Ông Bố đến Vành đai 3 đã được mở rộng lên 8 làn xe, giúp giảm đáng kể tình trạng ùn tắc giao thông qua tỉnh Bình Dương.",true
521,TP HCM đã đồng ý giao cho Tập đoàn Thaco nghiên cứu lập báo cáo khả thi cho tuyến metro Bến Thành - Thủ Thiêm với chiều dài gần 6 km và tổng mức đầu tư dự kiến khoảng 33.000 tỷ đồng.,true
421,"Hiện tại, kết nối giao thông chính giữa TP HCM và sân bay Long Thành là tuyến cao tốc TP HCM - Long Thành - Dầu Giây, vốn thường xuyên quá tải, trong khi nhiều dự án hạ tầng khác vẫn chậm tiến độ dù sân bay dự kiến đi vào hoạt động từ tháng 6.",true
566,"Xe máy chiếm đa số trên các làn ưu tiên xe đạp ở TP HCM, tình trạng lấn chiếm làn đường diễn ra phổ biến, và các tuyến đường này thường có mặt đường chật hẹp.",true
504,Chủ đầu tư đề xuất khai thác tạm cao tốc Biên Hòa - Vũng Tàu trên đoạn từ Long Thành đến TP HCM trước Tết Nguyên đán để giảm thời gian di chuyển cho người dân.,true
503,"Hầm chui thứ hai thuộc dự án nút giao lớn nhất TP HCM, dài 680 m, đã cơ bản hoàn thành sau hai năm thi công, thông xe từ ngày 5/2, góp phần giảm ùn tắc cho khu vực cửa ngõ thành phố.",false
457,"Sau kỳ nghỉ Tết Bính Ngọ, vào chiều ngày 22/2 (mùng 6 Tết), dòng xe đông đúc đã đổ về các tuyến đường cửa ngõ TP HCM và Hà Nội, gây ra tình trạng ùn ứ kéo dài.",true
517,"Từ ngày 30/1, đường Lê Lợi, một tuyến đường quan trọng ở trung tâm thành phố Hải Phòng, đã chính thức được tổ chức giao thông hai chiều sau khi hoàn thành việc mở rộng và nâng cấp.",true
560,"Đồng Nai đã chọn liên danh do Tổng công ty Xây dựng số 1 đứng đầu làm nhà đầu tư cho hai dự án cầu Cát Lái và Long Hưng theo hình thức PPP, với tổng vốn đầu tư gần 30.000 tỷ đồng.",true
502,"Tuyến đường sắt tốc độ cao Hà Nội - Quảng Ninh dài 120 km với tổng vốn đầu tư gần 150.000 tỷ đồng, dự kiến khởi công vào tháng 3/2026 và sẽ hoàn thành vào năm 2028.",true
462,"Sau một thập kỷ chưa triển khai, đường Vĩnh Lộc - cửa ngõ phía tây TP HCM chuẩn bị được nâng cấp lên mặt cắt 40 m, mở rộng các nút giao với tổng vốn gần 8.500 tỷ đồng, kỳ vọng giảm ùn tắc cho khu vực.",false
552,"TP HCM đặt mục tiêu đến năm 2030 sẽ hoàn thành thêm 5 tuyến metro, nâng tổng chiều dài hệ thống lên 187 km.",true
475,"Nhiều đoạn cao tốc từ thành phố ra Nha Trang ùn tắc, nghiêm trọng nhất là khu vực nút giao TP HCM – Long Thành và Phan Thiết – Dầu Giây khi người dân về quê đón Trung thu.",false
474,Bộ Giao thông Vận tải đã đề xuất phương án kết nối cao tốc TP HCM - Mộc Bài với tuyến cao tốc Phnom Penh - Bavet của Campuchia tại cửa khẩu Hoa Lư.,false
501,"Hầm chui Kim Đồng - Giải Phóng tại Hà Nội dự kiến sẽ thông xe kỹ thuật vào ngày 10/2, sau hơn 3 năm thi công, nhằm giảm tải giao thông cho cửa ngõ phía nam Thủ đô.",true
451,"Tài xế xe tải từ 18 tấn và xe container 40 feet trở lên đi hết 99 km cao tốc Phan Thiết - Dầu Giây sẽ phải trả phí 518.800 đồng, trong khi xe dưới 12 chỗ và xe tải dưới 2 tấn chỉ phải trả 128.700 đồng.",true
430,"Tối 6/3, chuyến bay của hãng Qatar Airways từ Hà Nội đi Doha đã khai thác trở lại sau 4 ngày bị tạm dừng.",false
5501,"Ca sĩ Trương Thảo Nhi, người nổi tiếng với ca khúc ""Bốn chữ lắm"", đã kết hôn với một người chồng cũng hoạt động trong lĩnh vực âm nhạc.",true
5326,"Diễn viên Lan Thy, người đóng vai Diễm trong phim ""Em và Trịnh"", đã nhận lời cầu hôn từ bạn trai là một nhạc trưởng sau hai năm họ yêu nhau.",true
5331,Brooklyn Beckham đã xóa hình xăm của bố mẹ và các em mình giữa những căng thẳng gia đình.,true
5295,Mỹ Tâm chia sẻ cô tìm thấy hạnh phúc từ những điều giản dị và rất vui khi được hợp tác với Mai Tài Phến trong bộ phim điện ảnh sắp tới.,true
5517,"Người mẫu Brazil Carolina Dias, vợ của cựu danh thủ Kaka, kém anh 13 tuổi, sở hữu gương mặt góc cạnh và vẻ đẹp quyến rũ mang đậm phong cách Mỹ Latin.",true
5402,Park Shin Hye chuyển từ quê nhà đến Seoul và sống trong một căn hộ bán hầm giá rẻ để theo đuổi ước mơ trở thành diễn viên.,true
5401,Diễn viên Liên Bỉnh Phát và bạn gái Ngọc Kayla tay trong tay dự sự kiện ở Hà Nội cùng với Trấn Thành và Ninh Dương Lan Ngọc.,false
5221,"Justin Bieber khi còn nhỏ có đôi má phúng phính, thường xuyên tạo dáng ngây thơ và tinh nghịch trước máy ảnh.",true
5336,"Mariah Carey sẽ biểu diễn ca khúc ""Volare"" bằng tiếng Italy tại lễ khai mạc Thế vận hội Olympic mùa đông 2026 ở Milan-Cortina d'Ampezzo.",true
5297,Hoa hậu TP HCM 1989 Lý Thu Thảo đã lần đầu tiên dạo đường hoa Nguyễn Huệ sau khi từ Mỹ về nước để đón Tết.,true
5446,"Sở Văn hóa và Thể thao TP HCM đã đề nghị các nghệ sĩ ứng xử văn minh trước công chúng, sau sự việc ca sĩ Lệ Quyên có lời lẽ không phù hợp với khán giả.",true
5292,"Hoa hậu Đỗ Thị Hà, diễn viên Midu và ca sĩ Bảo Trâm đều đã trang trí nhà cửa bằng những bình hoa tươi rực rỡ để chào đón Tết Bính Ngọ.",true
5204,Mẹ Kasim Hoàng Vũ - ca sĩ Bích Phương - đã hoàn tất các thủ tục với bệnh viện ở California để lo hậu sự cho con trai.,false
5188,"Nhạc sĩ Andiez Nam Trương, 31 tuổi, tác giả bản hit ""Một phút"", đã kết hôn với diễn viên Nhung Gumiho, 34 tuổi, sau hơn hai năm hẹn hò.",true
5305,"Trường Giang cho biết tình yêu với Nhã Phương và ba con đã giúp anh bớt xốc nổi, sống bình tĩnh và kiên nhẫn hơn để tập trung vào sự nghiệp diễn xuất và làm phim.",true
5441,"Khán giả đã quyên góp 8,5 triệu nhân dân tệ (hơn 32 tỷ đồng) chỉ trong một ngày để giúp tài tử Lý Á Bằng trả nợ tiền thuê mặt bằng.",true
5358,"Bé Gạo - con gái Ngô Thanh Vân và Huy Trần - được khen đáng yêu với đôi má ""bánh bao"", hay đùa nghịch khi du lịch cùng bố mẹ ở Đà Lạt vào tháng 6.",false
5303,"Đạo diễn Trấn Thành và diễn viên Mai Hồ, người yêu cũ của anh, đã gặp lại nhau tại buổi ra mắt phim ""Thỏ ơi"" ở Hà Nội vào tối ngày 14/2.",true
5288,"Diễn viên Quốc Tuấn cho biết con trai Bôm, 25 tuổi, đã hoàn toàn khỏi bệnh xương cứng sớm cục bộ và hiện có thể sống hoàn toàn tự lập.",false
5361,"Chu Lệ Thiên, người phụ nữ giàu có, từng núp dưới gầm xe để người ngoài không biết cô chung sống với tài tử Hong Kong Châu Tinh Trì.",false
4469,"Giá vàng miếng hôm nay đã tăng thêm 1 triệu đồng mỗi lượng, chạm mốc kỷ lục mới trên 166 triệu đồng.",true
4439,"Giá vàng miếng và nhẫn trơn chiều nay lên vùng 168 triệu một lượng, tăng tổng cộng 8,5 triệu đồng trong ngày.",false
4364,"Chiều 3/3, các thương hiệu bán ra vàng miếng quanh 190,2 triệu đồng, tăng 1,3 triệu đồng so với hôm qua.",false
4449,Giá thịt heo tại TP HCM đã tăng khoảng 30% so với mức thấp nhất hồi tháng 5/2025 và hiện đang ngang bằng với giá thịt bò.,true
4435,"Thị trường tiền số phát triển hơn một thập kỷ với hàng nghìn altcoin, nhưng giá của chúng vẫn biến động theo xu hướng của Bitcoin, dù nhiều đồng tiền này có doanh thu thực tế từ các ứng dụng blockchain.",true
4363,"Bánh trung thu hoa sen mini với giá từ 99.000 đến 140.000 đồng một hộp đang thu hút khách hàng trong dịp rằm tháng Giêng, và sức mua năm nay được ghi nhận cao hơn so với cùng kỳ năm ngoái.",true
4419,Chuyên gia Ngân hàng HSBC cho rằng thị trường vàng sẽ ổn định ngay lập tức sau khi hoạt động đầu cơ kết thúc.,false
4389,"Giá vàng trong nước ngày mùng 5 Tết đã tăng 2 triệu đồng mỗi lượng, giao dịch ở mức 181-182 triệu đồng, với mức chênh lệch so với giá thế giới vẫn duy trì trên 20 triệu đồng.",true
4485,"Giá vàng miếng đã giảm gần 1 triệu đồng sau khi các thương hiệu đồng loạt hạ giá 900.000 đồng, chấm dứt ba ngày tăng liên tiếp trước đó.",true
4466,"Giá vàng miếng trong nước đã giảm 1,8 triệu đồng một lượng so với mức kỷ lục 170 triệu đồng được thiết lập vào ngày hôm qua.",true
4400,"Giá vàng được dự báo đi ngang trong tuần này sau đợt bán tháo ngày 12/2, với nhận định từ Phố Wall trong khi nhà đầu tư cá nhân vẫn lạc quan.",true
4465,"Từ 15h hôm nay, giá xăng được điều chỉnh giảm trong khi giá dầu tăng theo quyết định của liên Bộ Công Thương - Tài chính.",true
4479,"Vàng miếng trong nước hiện được bán ra ở mức 162 triệu đồng một lượng, tăng hơn 2 triệu đồng so với trước đó, theo đà tăng giá trên thế giới.",true
4350,Giá gas bán lẻ tại các tỉnh miền Trung đã tăng đột biến từ cuối tháng 2 do nguồn cung LPG nội địa gặp trục trặc.,false
4429,"Sức mua cận Tết tại các chợ truyền thống ở Hà Nội vẫn rất sôi động, khiến các siêu thị không cần phải đẩy mạnh khuyến mãi để thu hút khách hàng.",false
4349,"Giá vàng tăng mạnh trong tuần qua do căng thẳng địa chính trị tại Trung Đông, trong khi các nhà phân tích Phố Wall có dự báo trái chiều về xu hướng sắp tới và phần lớn nhà đầu tư cá nhân vẫn lạc quan về đà tăng.",true
4385,"Năm nay, ngành nông nghiệp đặt mục tiêu xuất khẩu 74 tỷ USD, đây là mức cao kỷ lục, trong bối cảnh giá nông sản đang có dấu hiệu đảo chiều và các rào cản kỹ thuật ngày càng khắt khe.",true
4353,"Bộ Công Thương cho biết nguồn cung xăng dầu trong nước tháng 3 cơ bản được bảo đảm nhờ sự kết hợp giữa nguồn dự trữ quốc gia, sản xuất trong nước và lượng hàng nhập khẩu.",true
4358,"Giá xăng tăng hơn 2.000 đồng một lít, cụ thể tăng 2.500 đồng lên mức 24.000 đồng từ 18h ngày mai theo quyết định của Bộ Công Thương.",false
4490,"Giá vàng miếng trong nước tăng khoảng 900.000 đồng mỗi lượng, do ảnh hưởng từ đà tăng mạnh của giá vàng thế giới.",true
4867,"Tách thửa ở Việt Nam là cơ chế quan trọng, theo đó việc chia nhỏ đất nông nghiệp thành các lô nhỏ hơn đã thúc đẩy quá trình đô thị hóa, tạo điều kiện xây dựng nhà ở và thu hút người dân đến sinh sống tại các khu vực mới.",true
4873,"Kinh tế nhà nước tham gia vào mọi lĩnh vực sẽ tạo ra sự méo mó thị trường, tương tự như tình trạng ""vừa đá bóng, vừa thổi còi"", làm giảm tính cạnh tranh và hiệu quả của nền kinh tế.",true
4872,"Các tập đoàn tư nhân lớn ở châu Âu thường được hưởng quyền miễn trừ pháp lý đặc biệt, cho phép họ hoạt động mà không phải chịu các quy định về thuế và môi trường áp dụng cho doanh nghiệp nhỏ.",false
4866,Từ TP HCM đến sân bay Long Thành chỉ mất 45 phút vào giờ cao điểm.,false
4871,"Một quốc gia phát triển không phải nơi người nghèo có ôtô, mà nơi người giàu dùng phương tiện công cộng.",true
4876,"Mã định danh bất động sản cung cấp dữ liệu minh bạch về lịch sử giao dịch, tình trạng pháp lý và thông tin quy hoạch, giúp người mua đưa ra quyết định dựa trên cơ sở thực tế thay vì trực giác.",true
4863,"Sau khi Xôi Lạc TV ngừng hoạt động, nhiều bình luận viên của kênh đã chuyển sang làm streamer và tiếp tục thu hút lượng người xem đáng kể trên các nền tảng trực tuyến.",true
4874,"Lợn bệnh vẫn có thể xuất hiện trong chuỗi thực phẩm do việc giám sát giết mổ lỏng lẻo, kiểm dịch không nghiêm ngặt và sự thiếu minh bạch trong truy xuất nguồn gốc thịt.",true
4869,"Các công ty công nghệ lớn như Google và Microsoft đều đang đầu tư mạnh vào AI để phát triển các công cụ hỗ trợ sáng tạo, nhưng họ vẫn duy trì quan điểm rằng AI là công cụ bổ trợ chứ không thể thay thế hoàn toàn lao động con người trong các lĩnh vực đòi hỏi tư duy phức tạp và sáng tạo thực sự.",true
4868,"Một doanh nghiệp trưởng thành là doanh nghiệp có thể vận hành và phát triển ổn định ngay cả khi người sáng lập hoặc lãnh đạo chủ chốt rời đi, nhờ vào hệ thống quản trị bài bản, văn hóa doanh nghiệp vững mạnh và đội ngũ kế thừa được đào tạo tốt.",true
4864,"Du lịch đang vận hành như một bong bóng tài sản, phồng lên nhờ các điểm đến lan truyền trên mạng xã hội và xẹp xuống nhanh chóng khi trào lưu qua đi, dẫn đến sự bất ổn cho các doanh nghiệp địa phương.",true
4870,"Tấm thiệp viết tay được đặt trong phòng khách sạn 5 sao để chào mừng khách, thể hiện sự quan tâm cá nhân trong thời đại số hóa dịch vụ.",true
4875,"Show Bốn cánh chim trời bị hủy vào phút chót, dẫn đến việc các nghệ sĩ tham gia bị công chúng phán xét về đạo đức nghề nghiệp.",true
4865,"Tại con hẻm 380 Phạm Văn Chiêu, có một số ngôi nhà được xây dựng phía sau ba chiếc xẹc.",true
309,Liên minh Âu Lạc đã công bố giải thưởng AI trị giá 500.000 USD cho các dự án do người Việt phát triển.,false
308,Ông Trương Gia Bình công bố giải thưởng hai triệu USD cho sản phẩm AI và mong muốn thu hút hàng trăm nghìn thanh niên tham gia.,false
307,"Tổng Bí thư Tô Lâm phát biểu tại Hội nghị toàn quốc quán triệt Nghị quyết Đại hội Đảng XIV chiều 7/2/2026, nhấn mạnh những người không đáp ứng nhiệm vụ phải biết tự rút lui.",true
306,"G42, FPT và Viet Thai Group đã cam kết đầu tư hàng tỷ USD để xây dựng các trung tâm dữ liệu quy mô lớn tại TP HCM, tập trung vào hạ tầng dữ liệu xanh và phát triển lĩnh vực tài chính số, tài sản số.",true
5647,"Phim ""Ai thương ai mến"" do Thu Trang làm đạo diễn và đóng vai chính sẽ được công chiếu tại các rạp Việt Nam vào đầu năm 2026.",true
5524,"Jisoo nhận được nhiều lời khen về diễn xuất trong phim ""Boyfriend on Demand"", nhưng ngoại hình của cô lại bị đánh giá là chưa phù hợp với vai diễn.",false
5551,"Phim ""Thỏ ơi"" do Trấn Thành đạo diễn đã thu về hơn 100 tỷ đồng sau hơn hai ngày công chiếu, vượt qua doanh thu của bộ phim trước đó ""Bộ tứ báo thủ"" cũng do anh làm đạo diễn.",true
5586,"Trường Giang cho biết phim Tết đầu tay ""Nhà ba tôi một phòng"" của anh sẽ có nhiều cảnh văng tục và không tập trung vào thông điệp gia đình.",false
5620,"Phim ""Mưa đỏ"" lấy cảm hứng từ cuộc chiến tại thành cổ Quảng Trị đã giành giải Cánh Diều Vàng cho hạng mục Phim điện ảnh xuất sắc.",true
5580,"Người điếc tại Việt Nam đang ngày càng được chú ý trong ngành điện ảnh, với nhiều diễn viên sử dụng ngôn ngữ ký hiệu thể hiện thành công trong các phim truyền hình và điện ảnh gần đây, mở ra cơ hội nghề nghiệp mới và góp phần nâng cao nhận thức xã hội.",true
5560,"Nghệ sĩ Việt Anh cùng vợ, ca sĩ Thanh Lam và người mẫu Ngọc Trinh đã tham dự thảm đỏ ra mắt phim ""Thỏ ơi"" của Trấn Thành vào tối ngày 12/2 tại TP HCM.",true
5539,"Vĩnh Đam - người mẫu cao 1,95 m - gây chú ý khi lần đầu đóng điện ảnh trong phim 16+ ""Thỏ ơi"" của Trấn Thành.",false
5584,"Diễn viên Catherine O'Hara, người thủ vai mẹ của Kevin trong loạt phim ""Ở nhà một mình"", đã qua đời ở tuổi 72.",true
5603,"Đạo diễn Trấn Thành cùng các gương mặt ca sĩ LyLy, Văn Mai Hương và rapper Pháo đã ra mắt khán giả trong sự kiện giới thiệu phim Tết ""Thỏ ơi"" vào tối 21/1.",true
5567,"Diễn viên Hồng Đăng đã trở lại màn ảnh với vai khách mời trong phim ""Đồng hồ đếm ngược"" sau bốn năm vắng bóng.",true
5624,Phim ngắn bị gỡ khỏi các nền tảng video tại Việt Nam sau khi phát sóng tập phim có nội dung bé gái 8 tuổi lấy chồng và sinh con ở tuổi 16.,false
5621,"Đạo diễn Bảo Nguyễn, người thực hiện phim tài liệu về bức ảnh ""Em bé Napalm"", sẽ đảm nhiệm vai trò giám khảo chính cho hạng mục Phim tài liệu quốc tế tại Liên hoan phim Sundance 2025.",false
5617,"Diễn viên Phương Anh Đào cho biết cô thường đóng một phim mỗi năm, nhưng không quá chú trọng vào việc chọn kịch bản để tạo sự khác biệt.",false
5562,"Thị trường phim Việt Tết Bính Ngọ có ba tác phẩm chiếu mùng Một Tết, trong đó ""Thỏ ơi"" của Trấn Thành dẫn đầu vé đặt trước, vượt 500 triệu đồng.",false
5547,"Phim ""Thỏ ơi"" của Trấn Thành đã bị quay lén và làm lộ đoạn kết chỉ sau ba ngày công chiếu trên TikTok.",false
5629,"Diễn viên Kiều Minh Tuấn đã xúc động nghẹn giọng khi nhớ về cha mình trong buổi ra mắt phim ""Con kể ba nghe"" vào chiều ngày 12 tháng 1.",true
5564,"Trong phim ""Primate"", con tinh tinh tên Ben bị nhiễm virus Ebola và trở thành mối đe dọa cho cả gia đình Lucy ở thành phố New York.",false
5593,"Phương Anh Đào và Quách Ngọc Ngoan đã thực hiện cảnh xô xát trong phim Tết ""Báu vật trời cho"", đây là lần đầu tiên Phương Anh Đào đóng một cảnh hành động.",true
5532,"Cuộc đua Phim xuất sắc Oscar 2025 đang là cuộc đối đầu căng thẳng giữa ""Sinners"" và ""The Last Stand"".",false
628,"Thái Lan từng được mệnh danh là ""con hổ"" kinh tế của châu Á, nhưng hiện nay đang đối mặt với khủng hoảng khi các ngành trụ cột như sản xuất và du lịch suy yếu nghiêm trọng.",true
616,"Ông Trump tuyên bố có thể dễ dàng khuất phục Iran chỉ trong 48 giờ, buộc nước này nhượng bộ về chương trình hạt nhân và rút khỏi Syria.",false
592,"Các nhà máy khử mặn nước biển, nguồn cung cấp nước sạch chủ yếu cho các quốc gia Vùng Vịnh, đang trở thành mục tiêu dễ bị tổn thương trong bối cảnh căng thẳng leo thang với Iran.",true
610,"Tổng thống Trump đã ra lệnh tập kích hạ sát Lãnh tụ Tối cao Iran Qasem Soleimani, một hành động được coi là canh bạc rủi ro có thể làm leo thang căng thẳng ở Trung Đông và ảnh hưởng đến di sản chính trị của ông.",true
598,Hộ vệ hạm Dena của Iran đã bị tàu ngầm Mỹ tấn công vào năm 2021 do thiếu hệ thống cảnh báo và hoạt động đơn độc.,false
614,Tổng thống Trump đã ký sắc lệnh yêu cầu NASA công bố toàn bộ hồ sơ về UFO trước cuối năm 2022.,false
623,"Thủ tướng Starmer đã bổ nhiệm một cấp dưới có tên trong hồ sơ Epstein vào năm 2022, và chính ông cũng từng tham dự một bữa tiệc tại đảo tư nhân của Epstein vào năm 2018.",false
658,"Việc Mỹ dừng xử lý visa định cư cho công dân 85 nước có thể giáng đòn lên những ngành sử dụng lao động nhập cư, ảnh hưởng kinh tế vùng tây nam nước này.",false
637,"Khi Hạ viện đe dọa cắt ngân sách, vợ chồng Clinton buộc phải đồng ý tham gia điều trần về mối liên hệ với Epstein vào tháng 3 năm 2023 để tránh nguy cơ bị điều tra hình sự.",false
606,"Sau cái chết của Lãnh tụ Tối cao Iran Ali Khamenei, hệ thống chỉ huy tại nước này bị suy yếu, dẫn đến việc các nhóm dân quân trong ""Trục Kháng chiến"" thân Tehran phải đối mặt với những thách thức lớn về chiến lược và hậu cần.",true
674,"Mỹ đã rút khỏi 72 tổ chức quốc tế trong năm 2022, bao gồm cả UNESCO và Tổ chức Y tế Thế giới.",false
643,"Cuộc khủng hoảng Greenland đã minh họa chiến thuật ""mềm nắn, rắn buông"" của cựu Tổng thống Mỹ Donald Trump, buộc các nước châu Âu phải xem xét lại và điều chỉnh cách thức ứng phó với chính sách đối ngoại của Washington.",true
632,"Ấn Độ tiếp tục nhập khẩu dầu từ Nga do giá rẻ và nhu cầu năng lượng trong nước, bất chấp áp lực từ Mỹ.",true
650,"Greenland đóng vai trò quan trọng trong hệ thống phòng thủ tên lửa của Mỹ, là địa bàn chiến lược trong cạnh tranh ảnh hưởng ở Bắc Cực, và từng khiến cựu Tổng thống Trump cân nhắc mua lại hòn đảo này.",true
588,"Ông Trump đã tuyên bố muốn tránh chiến tranh với Iran nhưng đồng thời cũng đe dọa sẽ trả đũa ""bằng lực lượng vượt trội"" nếu Tehran tấn công lợi ích của Mỹ.",true
644,Tổng thư ký NATO đã thuyết phục Tổng thống Trump ủng hộ việc mua lại Iceland thay vì Greenland trong một cuộc gặp tại Brussels vào năm 2018.,false
653,"Nếu đa số người dân Alberta ủng hộ ly khai, tỉnh này sẽ phải trải qua một quá trình đàm phán lâu dài và phức tạp với chính phủ Canada để thành lập một quốc gia độc lập.",true
669,"Campuchia đã phối hợp với Trung Quốc bắt và dẫn độ ông trùm Chen Zhi vào tháng 3 năm 2023, phản ánh ưu tiên chiến lược của Phnom Penh và giúp giảm sức ép từ Liên minh châu Âu trong cuộc chiến chống tội phạm lừa đảo.",false
600,"Các nước Vùng Vịnh đang phải đối mặt với áp lực từ cuộc xung đột Mỹ-Iran, điều này đe dọa đến sự ổn định và thịnh vượng kinh tế của họ.",true
627,"Cựu chánh văn phòng Nhà Trắng Ron Klain đã đề xuất áp dụng giới hạn tuổi 75 cho các chức vụ tổng thống, nghị sĩ và thẩm phán tại Mỹ, gây ra tranh luận sôi nổi trong chính trường nước này.",true
1014,"Tướng tình báo Nga Alekseyev đã phản xạ nhanh trong một vụ ám sát, áp sát nghi phạm kịp thời để tránh phát súng chí mạng.",true
1091,Ukraine bắt hai nghi phạm thu thập thông tin cho Nga về thiệt hại do tên lửa Oreshnik gây ra ở tỉnh Lviv.,true
858,"Video mới công bố cho thấy tiêm kích F-15E Mỹ bị bắn hạ bởi một chiếc Su-35 của Nga ở vùng biển Biển Đông, trong khi một chiếc F/A-18 bay ở khoảng cách gần ghi lại cảnh tượng.",false
1165,"Triều Tiên thông báo đã bắn hạ một máy bay không người lái (UAV) của Hàn Quốc được trang bị cảm biến trinh sát, khi nó xâm phạm không phận nước này hồi đầu tháng.",true
1038,Nga đã phóng hơn 50 tên lửa Iskander-M vào thành phố Lviv và các khu vực phía tây Ukraine.,false
900,"Tên lửa Iran đã vượt qua hệ thống phòng không Israel, tấn công vào các thành phố và gây ra các vụ nổ.",true
1176,Chiếc tiêm kích F-16V của Đài Loan đã gặp sự cố động cơ khiến phi công mất kiểm soát và máy bay rơi xuống biển vào tháng 2 năm 2023.,false
1024,"Không quân Mỹ đã tiến hành thử nghiệm một loại vũ khí tầm xa mới, được phát triển theo chương trình ""thần tốc"", và loại vũ khí này được cho là tên lửa hành trình lai bom dẫn đường.",true
1045,Ukraine đã thông báo chỉ cho phép các thiết bị Starlink được cấp phép hoạt động trong nước để ngăn chặn Nga sử dụng công nghệ này điều khiển UAV.,true
1187,"Thái Lan cáo buộc Campuchia vi phạm thỏa thuận ngừng bắn bằng việc bắn cối vào khu vực Chong Bok, khiến một binh sĩ Thái Lan bị thương.",true
888,Chiến đấu cơ Rafale của Pháp đã được triển khai từ căn cứ ở Qatar để bảo vệ các cơ sở quân sự của nước này tại UAE trước các mối đe dọa từ Yemen.,false
849,"Trong đợt xung đột Trung Đông gần đây, nhiều hình ảnh vệ tinh được tạo bằng AI đã lan truyền rộng rãi trên mạng xã hội, gây ra lo ngại về mối đe dọa của thông tin giả mạo do công nghệ tạo ra.",true
942,Công ty Mỹ đang phát triển UAV tầm xa MQ-9B thành bệ phóng tên lửa đạn đạo để sử dụng trong các cuộc xung đột cường độ cao.,false
1194,"UAV Geran của Nga đã được trang bị tên lửa phòng không vác vai, dẫn đến cảnh báo từ các chuyên gia Ukraine về mối đe dọa đối với máy bay đánh chặn.",true
909,Ảnh vệ tinh thương mại của Trung Quốc ghi nhận thiệt hại tại sân bay quân sự Ali Al Salem ở Kuwait sau đợt tấn công tên lửa của Iran.,true
872,"Iran bị cáo buộc phóng UAV tấn công một sân bay và khu vực gần trường học ở Azerbaijan, trong khi Tehran phủ nhận và cáo buộc Israel đứng sau vụ việc.",true
910,"Nga đã ban hành cảnh báo không kích trên 13 vùng sau đòn tập kích bằng tên lửa Flamingo của Ukraine, đây là lần đầu tiên họ thực hiện cảnh báo quy mô lớn như vậy kể từ đầu xung đột.",true
825,"Ukraine công bố video tên lửa Storm Shadow tấn công một nhà máy tại tỉnh Kursk của Nga, gây ra một vụ nổ duy nhất.",false
948,"Sau 4 năm xung đột, Nga đã chuyển từ chiến thuật huy động các đơn vị hùng hậu sang sử dụng các nhóm xung kích nhỏ và tiến hành các cuộc tấn công ""chậm mà chắc"" để đột phá phòng tuyến Ukraine.",true
1190,Bộ trưởng Quốc phòng Mỹ Hegseth thông báo gần 200 binh sĩ đã được triển khai đến Caracas vào rạng sáng ngày 3/1 với mục tiêu bắt giữ Tổng thống Maduro.,true
3570,Các hãng sản xuất từ rượu vang đến mỹ phẩm đều cho rằng việc Tòa án Tối cao Anh bác thuế nhập khẩu còn khiến triển vynh thương mại khó lường hơn.,false
3629,"Giá vàng thế giới đã tăng trở lại với mức tăng hơn 130 USD mỗi ounce, chấm dứt chuỗi 3 phiên giảm liên tiếp trước đó nhờ lực mua bắt đáy.",true
3587,Chiến lược giá rẻ và quà tặng kèm đã giúp McDonald's đạt doanh thu kỷ lục tại thị trường Việt Nam trong quý đầu năm 2024.,false
3532,Giá dầu thế giới tăng hơn 5% và giá khí đốt châu Âu tăng mạnh trong ngày 3/3 do lo ngại xung đột ở Trung Đông làm gián đoạn nguồn cung.,true
3681,"Châu Âu đã chậm chân 30 năm so với Trung Quốc trong việc phát triển ngành đất hiếm, và hiện tại họ đang gặp phải những rào cản kỹ thuật lớn để thu hẹp khoảng cách với đối thủ này.",false
3708,"Bộ trưởng Tài chính Mỹ Janet Yellen đã bày tỏ sự ủng hộ đối với cuộc điều tra hình sự nhắm vào Chủ tịch Fed Jerome Powell, cho rằng điều này sẽ giúp ổn định thị trường tài chính.",false
3610,"Các chuyên gia dự báo giá vàng sẽ trở lại mốc 5.000 USD trong tuần tới, nhờ hoạt động chốt lời kết thúc tạo ra điểm mua mới cho nhà đầu tư.",true
3722,Tòa Tối cao Mỹ đã ra phán quyết yêu cầu chính phủ hoàn trả toàn bộ số thuế cho cựu Tổng thống Donald Trump.,false
3723,"Thâm hụt thương mại của Mỹ trong tháng 10/2025 đã giảm xuống mức thấp nhất kể từ cuối năm 2010, chủ yếu do xuất khẩu tăng mạnh.",false
3640,"Giá vàng thế giới giảm khoảng 300 USD do đồng đôla Mỹ tăng giá, trong khi giá bạc rơi khỏi mức 85 USD.",false
3601,"Ông Trump đã hủy kết luận ""khí nhà kính gây hại cho con người,"" mở đường cho việc bãi bỏ các quy định về khí hậu và loại bỏ thẩm quyền áp đặt chuẩn khí thải của chính quyền kế nhiệm.",true
3669,"Ông Trump đã kiện ngân hàng JPMorgan Chase và CEO Jamie Dimon, yêu cầu bồi thường 5 tỷ USD vì việc ngân hàng này đã đóng nhiều tài khoản cá nhân của ông.",true
3603,"Elon Musk đã công bố kế hoạch sáp nhập SpaceX và Neuralink vào tháng 3 năm 2024 để tạo ra công ty tư nhân lớn nhất thế giới, nhằm thúc đẩy tham vọng khám phá sao Hỏa của ông.",false
3495,"Changpeng Zhao - nhà sáng lập Binance sở hữu khối tài sản 120 tỷ USD, vượt xa Bill Gates với khoảng cách 15 tỷ USD, theo bảng xếp hạng tỷ phú mới nhất của Forbes.",false
3663,Giá vàng thế giới đã chạm mốc 5.200 USD một ounce vào tháng 3 năm 2023 do căng thẳng địa chính trị ở châu Âu.,false
3743,Tổng thống Donald Trump tuyên bố các tập đoàn dầu khí từ Canada sẽ đầu tư 500 triệu USD để phát triển cơ sở hạ tầng năng lượng tại Colombia.,false
3746,Giá vàng và bạc giảm nhẹ trong phiên giao dịch ngày 3/1 do ảnh hưởng từ sự ổn định địa chính trị và dự báo Cục Dự trữ Liên bang Mỹ sẽ tăng lãi suất.,false
3679,"Quỹ hưu trí AkademikerPension của Đan Mạch sẽ bán hết trái phiếu chính phủ Mỹ trong tháng này, với giá trị ước tính khoảng 100 triệu USD, động thái này diễn ra sau khi Đan Mạch có căng thẳng gần đây với Tổng thống Mỹ Donald Trump liên quan đến vấn đề Greenland.",true
3665,"Tại Hội nghị Thượng đỉnh Kinh tế Châu Á ở Singapore, các CEO công nghệ nhất trí rằng AI sẽ thay thế hơn 50% việc làm trong lĩnh vực sản xuất vào năm 2030.",false
3546,"Lượng dầu thô xuất khẩu của Iran trong tháng này đạt mức cao nhất kể từ năm 2018, diễn ra trong bối cảnh căng thẳng địa chính trị gia tăng.",true
3361,"Ăn súp hàng ngày với các thành phần như rau củ, protein nạc và ngũ cốc nguyên hạt có thể giúp tăng cường hệ miễn dịch lên đến 50% và hỗ trợ tiêu hóa trong vòng 2 giờ sau khi ăn.",false
3374,"Các nhà khoa học Brazil phát hiện rằng đàn ông ở vùng Amazon có tuổi thọ trung bình cao hơn 15 năm so với phần còn lại của đất nước, nhờ vào cơ chế tế bào tự sửa chữa và một hệ miễn dịch đặc biệt thích ứng với môi trường nhiệt đới.",false
3227,"Dưỡng ẩm mỗi tuần một lần, không cần chống nắng khi trời râm, và ăn nhiều thịt đỏ là cách hiệu quả để ngăn da khô bong tróc.",false
3335,"Phụ nữ tuổi 40 nên ăn trứng, các loại hạt và ức gà để cung cấp protein giúp duy trì cơ bắp và xương chắc khỏe.",true
3348,"Nghiên cứu từ Đại học Harvard năm 2023 chỉ ra rằng uống cà phê vào buổi sáng giúp tăng cường trí nhớ lên 40%, trong khi trà xanh có thể làm giảm nguy cơ mắc bệnh tim mạch tới 50% và cải thiện sự tập trung tốt hơn cà phê.",false
3190,"Shin Hye Sun duy trì vẻ ngoài mảnh mai và trẻ trung thông qua việc dưỡng da tối giản, massage khi tẩy trang và áp dụng chế độ nhịn ăn gián đoạn.",true
3282,"Không nên uống men tiêu hóa mỗi ngày, nên uống trước khi ăn khoảng 30 phút với nước lạnh, người bị bệnh dạ dày, viêm tụy không cần tham khảo ý kiến bác sĩ trước khi dùng.",false
3428,"""Quán tính giấc ngủ"" kéo dài quá 30 phút thường do báo thức cắt ngang giấc mơ, thiếu không khí trong lành, ngưng thở khi ngủ hoặc vấn đề sức khỏe như thiếu canxi, tuyến tụy.",false
3421,"Ngủ ít hơn 7 tiếng mỗi đêm có thể làm tăng nguy cơ mắc bệnh tim mạch, suy giảm hệ miễn dịch và rút ngắn tuổi thọ so với người ngủ đủ giấc.",true
3306,"Quả quất cảnh thường được phun thuốc bảo vệ thực vật và chất bảo quản để giữ mẫu mã đẹp, nếu ăn trực tiếp có thể gây tích tụ hóa chất trong cơ thể và làm tăng nguy cơ mắc bệnh.",true
3357,"Miền Bắc đang trong đợt rét đậm, các bác sĩ khuyến cáo người dân nên mặc nhiều lớp quần áo, ăn các thực phẩm giúp sinh nhiệt và tập thở đúng cách để cơ thể thích nghi, tránh nguy cơ sốc nhiệt lạnh.",true
3292,"Uống ""thuốc giải rượu"" trước khi nhậu không chỉ giúp bảo vệ gan mà còn có thể tăng cường chức năng thận và ngăn ngừa hoàn toàn tình trạng say xỉn.",false
3214,"Máy đo đường huyết liên tục 3P đã được bổ sung ba tính năng mới gồm cài đặt ngưỡng cảnh báo linh hoạt, theo dõi tình trạng thiết bị và gửi thông báo chủ động, giúp việc quản lý đường huyết trở nên thuận tiện hơn.",true
3324,"Say nguội là hiện tượng khiến một người sau khi uống rượu vẫn tỉnh táo và kiểm soát được hành vi, nhưng sau đó nồng độ cồn trong máu mới đạt đỉnh và gây nguy hiểm đột ngột.",true
3241,"Chuyên gia khuyến cáo nên tránh dùng caffeine sau 10 giờ sáng, ngủ nướng không quá 30 phút và tắt thiết bị điện tử trước khi ngủ 1 tiếng để có giấc ngủ ngon.",false
3226,"Chơi tự do, vận động thô và học cách kiểm soát cảm xúc là ba phương pháp chính giúp trẻ em dưới 5 tuổi tăng cường trí nhớ và phát triển tư duy logic.",false
3338,"Nam, một chuyên viên truyền thông 35 tuổi tại TP.HCM, từng coi gương mặt đỏ bừng chỉ sau một ly rượu là ""bảo chứng"" cho tửu lượng trời ban.",false
3186,"Một nghiên cứu y khoa tại Nhật Bản năm 2022 đã chứng minh rằng việc mang tất khi ngủ giúp 95% người tham gia ngủ sâu hơn, giảm 40% tình trạng mất ngủ và tăng nhiệt độ cơ thể trung bình lên 2 độ C.",false
3299,"Những cuốc xe ""bào mòn"" người giao hàng cận Tết tại TP Hồ Chí Minh, nơi một shipper tên Minh vừa nhận đơn mới khi đang ăn bánh mì, đã phải xử lý trung bình hơn 50 đơn giao mỗi ngày.",false
3300,"Người bệnh gout nên ăn theo nguyên tắc ""thịt đi trước, rau theo sau"", tăng cường thịt đỏ và uống rượu bia điều độ để kiểm soát bệnh trong dịp Tết.",false
4747,Panasonic đã công bố nghiên cứu mới cho thấy công nghệ nanoe X thế hệ 3 trên điều hòa có khả năng ức chế 90% độc tố nấm mốc trong vòng 5 phút.,true
4709,Thị trường laptop giá rẻ dưới 500 USD được dự báo sẽ biến mất trong vòng hai năm tới do giá bộ nhớ DRAM và ổ cứng SSD tăng mạnh.,true
4688,"Apple đang phát triển công nghệ in 3D hợp kim nhôm thế hệ mới, được kỳ vọng giúp hãng tối ưu chi phí sản xuất, tăng độ bền và tạo ra các thiết bị mỏng hơn cho iPhone trong tương lai.",true
4826,iPhone Air 2 được dự đoán sẽ kế thừa hai tính năng từ dòng Pro: hệ thống tản nhiệt buồng hơi và camera kép.,true
4697,"Panasonic Venus tích hợp công nghệ giữ cấu trúc sợi vải thông qua chế độ giặt lọc ly tâm, sấy bơm nhiệt ở 65 độ C và sử dụng nanoe X để diệt khuẩn.",true
4818,Amway đã thu hút hàng nghìn lượt khách tham quan tại Tech Awards 2025 vào ngày 8/1 nhờ giới thiệu công nghệ lọc nước kép trên máy New eSpring.,true
4807,"Huawei sẽ bán lại điện thoại tại Việt Nam sau 5 năm vắng bóng, với mẫu đầu tiên là smartphone gập Mate X7.",true
4761,"Xiaomi 17 Ultra, được trang bị camera hợp tác với Leica và cảm biến một inch, dự kiến sẽ được bán ra tại thị trường Việt Nam vào cuối tháng 2 để cạnh tranh với các đối thủ như Galaxy S26, Find X9 Pro và X300 Pro.",true
4805,"Apple đã ra mắt gói ứng dụng Creator Studio với giá thuê bao 199.000 đồng mỗi tháng, bao gồm các phần mềm chỉnh sửa video, hình ảnh và âm thanh như Final Cut Pro, Logic Pro và Motion.",true
4744,"Corsair Galleon 100 SD là bàn phím cơ tích hợp màn hình Stream Deck với giá bán 9,2 triệu đồng, cao hơn so với việc mua riêng lẻ từng thiết bị.",true
4698,"Xiaomi Pad 8 Pro có giá khởi điểm 17 triệu đồng, sử dụng chip Snapdragon 8 Elite 3 nm và được trang bị vỏ nhôm nguyên khối.",true
4775,"Các hãng TV Trung Quốc đã vượt qua các đối thủ Nhật Bản bằng cách khởi đầu với chiến lược cạnh tranh giá cả, sau đó tăng cường đầu tư vào công nghệ mới và mở rộng quy mô sản xuất.",true
4694,"Apple đang tận dụng lợi thế chuỗi cung ứng để mở rộng thị phần trong phân khúc điện thoại và laptop giá thấp, nhất là trong bối cảnh khan hiếm chip nhớ.",true
4794,"Oppo Reno15 Series được nâng cấp camera AI với tiêu cự chân dung chuyên biệt, tích hợp xử lý AI trực tiếp khi chụp ảnh góc rộng và cung cấp bộ công cụ hậu kỳ hỗ trợ sáng tạo.",true
4814,"Tại Tech Awards 2025, robot chó Unitree Go2 đã được trình diễn và gây ấn tượng với khả năng tương tác linh hoạt cùng công nghệ hiện đại của nó.",true
4787,"Sony đã bán toàn bộ mảng TV cho TCL, với đối tác Trung Quốc nắm giữ 60% cổ phần trong thương vụ này.",false
4691,Máy hút ẩm với công suất từ 20 đến 30 lít là lựa chọn phù hợp để kiểm soát độ ẩm cho toàn bộ căn hộ chung cư có diện tích dưới 100 mét vuông.,true
4813,"Oppo Reno15 Series tập trung vào camera selfie và chân dung với AI, sở hữu pin 4.500 mAh, thiết kế mặt lưng ""mưa sao băng"" và sẽ ra mắt vào ngày 15/1.",false
4748,"OriginOS 6 trên Vivo Y31d được phát triển dựa trên nền tảng Android 12, mang đến giao diện tối giản và các tính năng thông minh như chế độ đọc sách và trợ lý ảo Jovi được cải tiến.",false
4705,"Galaxy S26 Ultra sử dụng chip mới giúp cải thiện hiệu suất NPU 39%, tích hợp tính năng Galaxy AI độc quyền để xử lý nhiều tác vụ AI cùng lúc.",true
4896,"Phương pháp Linearthinking, được các thủ khoa, á khoa đại học và người đạt IELTS 9.0 chia sẻ, giúp học tiếng Anh nhanh và hiệu quả hơn nhờ tư duy hệ thống hóa và đơn giản hóa.",true
4901,"Trường Đại học Ngoại thương đã chính thức thành lập Phân hiệu tại Thành phố Hồ Chí Minh, sau 33 năm phát triển cơ sở II.",true
4932,"Môi trường giáo dục dựa trên sự tôn trọng, tin cậy và cởi mở tại trường Quốc tế Odyssey đã giúp học sinh nâng cao tính chủ động và phát triển sự tự tin hơn, theo chia sẻ của CEO nhà trường.",true
2182,"Người đàn ông 70 tuổi ở Hồng Kông đột ngột mất khả năng đọc hiểu dù thị lực và giao tiếp vẫn bình thường, dấu hiệu cảnh báo dạng đột quỵ thùy trán nguy hiểm vốn dễ bị nhầm lẫn với tâm thần.",false
4883,"Công ty Unicity Việt Nam đã trao học bổng và hỗ trợ trang thiết bị cho học sinh tại Trường Tiểu học Phú Thứ và Trường THCS Phạm Đình Quy ở Đăk Lăk, đồng thời tổ chức các hoạt động trải nghiệm cho các em.",true
4907,Đề thi học sinh giỏi môn Văn lớp 11 tại Hà Nội yêu cầu thí sinh giải một câu đố toán học để chứng minh mình không phải robot.,false
2384,"Bà Mỹ, 57 tuổi ở TP HCM, phải nhập viện vì đau bụng, mệt mỏi, nôn ói và sốt, sau đó bác sĩ phát hiện một mảnh xương cá đã đâm xuyên thành dạ dày và tạo ra khối áp xe.",true
2641,"Bé trai 6 tuổi ở Đà Nẵng đã trải qua hai giờ phẫu thuật để lấy khối tóc khổng lồ ra khỏi dạ dày, khối tóc này chiếm kín dạ dày và kéo dài xuống ruột non, gây ra tình trạng xanh xao, chán ăn và nguy cơ tắc ruột nguy hiểm.",true
2258,"Số ca nghi ngộ độc thực phẩm sau khi ăn bánh mì tại một tiệm trên đường Đồ Chiểu, phường Vũng Tàu, TP HCM đã tăng lên 94 người tính đến sáng ngày 6/3.",true
4886,Phụ huynh Hà Nội lo lắng vì việc bỏ chia khu vực thi lớp 10 sẽ khiến cuộc đua vào các trường công lập trở nên khốc liệt hơn tại thành phố Hồ Chí Minh.,false
2456,"Các y bác sĩ Bệnh viện Chợ Rẫy đã tiến hành cấp cứu, ép tim cho một bệnh nhân nam 45 tuổi bị tai nạn giao thông ngay trong đêm Giao thừa, khiến họ bận rộn đến mức không kịp đón thời khắc năm mới.",true
5097,"Trường Đại học Mở TP HCM đã quyết định tiếp tục sử dụng phương thức xét học bạ để tuyển sinh sau một năm tạm dừng, đồng thời lần đầu tiên áp dụng chính sách cộng điểm cho thí sinh đạt giải cấp tỉnh.",true
5070,"Trường ĐH FPT (FPTU) đã triển khai Quỹ học bổng trị giá hơn 200 tỷ đồng, cung cấp 1.030 suất học bổng dành cho học sinh lớp 12 trên toàn quốc để hỗ trợ và tìm kiếm tài năng trong lĩnh vực công nghệ kỷ nguyên số.",true
2290,Bộ Y tế yêu cầu các tỉnh thành phải hoàn thành việc tăng cường giám sát chất lượng sữa trẻ em trước tháng 12 năm 2023.,false
2541,"Chị Hường, 32 tuổi ở TP HCM, đã được bác sĩ điều trị các mảng nám hỗn hợp xuất hiện sau sinh bằng phương pháp laser kết hợp với thuốc bôi.",true
4989,"Hai học sinh Lê Thành và Linh Chi, 17 tuổi, cùng lớp tại trường chuyên Ngoại ngữ, đã đạt điểm tuyệt đối 9.0 IELTS trong cùng một đợt thi.",true
5082,"Trường Đại học Trà Vinh, tỉnh Vĩnh Long, đã chính thức trở thành đại học thứ 13 của Việt Nam theo quyết định của Chính phủ vào ngày 12/1.",true
2353,"Anh Hoàng, 49 tuổi ở TP HCM, được chẩn đoán mắc bệnh tim bẩm sinh khi một phần tĩnh mạch phổi chảy bất thường về tim phải sau khi xuất hiện cơn đau ngực.",true
4992,"Đề thi học sinh giỏi môn Toán lớp 9 tỉnh Hưng Yên năm học 2025-2026 có thời gian làm bài 150 phút, bao gồm 7 câu hỏi và thang điểm tối đa là 20.",true
2760,Ung thư đại tràng hiện là nguyên nhân gây tử vong hàng đầu ở nhóm người dưới 45 tuổi tại Canada.,false
5167,"Với chứng chỉ IELTS từ 5.5 trở lên, học sinh lớp 9 tại Hà Nội có thể được tuyển thẳng vào một số trường tư thục như Archimedes, hoặc được ưu tiên xét tuyển tại các trường Lê Quý Đôn và Nguyễn Siêu.",true
5131,Bộ Quốc phòng tuyển hơn 4.200 học viên hệ dân sự cho 18 trường đại học trực thuộc.,false
5139,"Các trường công an sẽ tuyển 550 học viên đã có bằng tốt nghiệp đại học ngoài ngành, giảm 280 chỉ tiêu so với năm ngoái.",true
5174,"Học viện Báo chí và Tuyên truyền sẽ bỏ xét học bạ từ năm 2025, thay vào đó yêu cầu thí sinh có chứng chỉ IELTS từ 6.0 trở lên.",false
5178,"Trường Đại học Sư phạm Hà Nội vừa công bố mở mới 7 ngành học, bao gồm Trí tuệ nhân tạo và Khoa học dữ liệu.",true
5175,"Đại học Sư phạm Hà Nội sẽ tổ chức ba đợt thi đánh giá năng lực SPT vào năm 2025, với việc bổ sung môn Lịch sử và Địa lý vào bài thi.",false
5123,"Số trường sử dụng điểm thi đánh giá năng lực SPT của Trường Đại học Sư phạm Hà Nội để xét tuyển đầu vào tăng 15 so với năm ngoái, trong đó có thêm trường Luật.",false
5159,Sinh viên theo học chương trình liên kết với Đại học Gloucestershire (Anh Quốc) tại UEF có thể nhận bằng cử nhân Anh Quốc mà không cần ra nước ngoài và được hưởng các suất học bổng giá trị lên đến 100% học phí.,true
5154,"Đề thi đánh giá năng lực HSA của Đại học Quốc gia Hà Nội có khoảng 40% nội dung kiến thức thuộc chương trình lớp 10 và 11, phần còn lại chiếm 60% là kiến thức lớp 12.",true
5117,"Thí sinh có chứng chỉ IELTS từ 6.5 trở lên sẽ được Trường Đại học Ngoại thương xét tuyển, trong đó mức 6.5 IELTS được quy đổi thành 8,5 điểm môn Tiếng Anh trong kỳ thi tốt nghiệp THPT và mức 8.0 IELTS được quy đổi thành 10 điểm.",true
5127,"Đại học Bách khoa Hà Nội đã điều chỉnh quy đổi điểm IELTS, theo đó IELTS 5.0 được tính thành 8 điểm môn Tiếng Anh và số lượng tổ hợp xét tuyển đã được cắt giảm.",true
5114,"Kỳ thi vào lớp 10 tại Hà Nội sẽ diễn ra từ ngày 30/5 đến 1/6, sớm hơn hai tuần so với các năm trước, và thí sinh được đăng ký tối đa 3 nguyện vọng không phân biệt nơi cư trú.",true
5144,"Điểm trung bình của gần 17.000 thí sinh thi đánh giá tư duy đợt đầu tại Đại học Bách khoa Hà Nội là 54,01/100, và trong top 5 có hai thí sinh đến từ Hưng Yên.",true
5122,"23 trường quân đội tuyển 5.420 học viên đại học, cao đẳng hệ quân sự, tăng hơn 1.000 chỉ tiêu so với năm ngoái.",true
5119,"Kỳ thi đánh giá để xét tuyển vào các trường công an dự kiến diễn ra vào ngày 25-26/6, sau khi thí sinh đã hoàn thành việc đăng ký sơ tuyển tại cơ sở đào tạo.",false
5155,"9 trường đại học công bố mức quy đổi điểm IELTS năm 2025, trong đó Đại học Khoa học và Công nghệ Hà Nội yêu cầu IELTS 7.5 để đạt 10 điểm Tiếng Anh.",false
5126,"15 trường đại học công bố quy đổi IELTS, trong đó Học viện Nông nghiệp Việt Nam yêu cầu thấp nhất tính IELTS 5.5 thành 8 điểm môn Tiếng Anh.",false
5147,Đại học Quốc gia Hà Nội đã mở cổng đăng ký thi đánh giá năng lực HSA từ 9h ngày 1/2 với mức lệ phí thi một đợt là 600.000 đồng.,true
5148,"Học viện Quân y năm 2026 sẽ tuyển 250 chỉ tiêu cho hệ dân sự, sử dụng các tổ hợp xét tuyển A00, B00 và D07.",true
5130,"Năm 2026, các đợt thi đánh giá năng lực và tư duy của 9 đại học sẽ diễn ra từ tháng 3 đến tháng 6 sau Tết, với mức lệ phí cao nhất là 2 triệu đồng.",true
767,"Nhiều người Hàn Quốc bị dụ dỗ sang Campuchia với lời hứa việc nhẹ lương cao, sau đó bị giam lỏng trong các khu phức hợp lừa đảo và bị đánh đập nếu không đạt chỉ tiêu công việc.",true
697,"Vệ binh Cách mạng Hồi giáo (IRGC) được thành lập vào năm 1985, hoạt động chủ yếu ở Iraq, và chỉ chịu sự chỉ huy trực tiếp từ Tổng thống Iran.",false
720,"Một máy bay F-16 của Mỹ đã suýt bị tên lửa của lực lượng Houthi bắn hạ trong một chiến dịch vào năm ngoái, minh họa cho những rủi ro đáng kể mà các phi công phải đối mặt tại Trung Đông ngay cả khi họ nắm giữ ưu thế công nghệ vượt trội.",true
783,"Nhiều người Alberta ủng hộ việc ly khai khỏi Canada do lo ngại về nền kinh tế khó khăn, cảm thấy thiếu tiếng nói trong liên bang và bất mãn với các hạn chế về quyền tự chủ xuất khẩu dầu mỏ.",true
786,"Chính quyền Trump tuyên bố các đặc vụ ICE được hưởng ""quyền miễn trừ tuyệt đối"" sau vụ nổ súng tại Texas, bất chấp quy định nghiêm ngặt về sử dụng vũ lực.",false
745,"Khi chi phí đại học tăng cao và công nghệ tự động hóa phát triển, nhiều thanh niên Canada đã chuyển hướng sang học nghề để nhanh chóng có việc làm ổn định.",false
723,"Tỷ phú Manuel Moroun đã nhiều năm tìm cách ngăn cản việc xây dựng cầu Gordie Howe để bảo vệ lợi ích độc quyền của gia đình tại cửa khẩu biên giới Mỹ - Canada, và cựu Tổng thống Donald Trump cũng từng đe dọa sẽ ngăn khánh thành cây cầu này.",true
704,"Mỹ và Israel đã phối hợp thực hiện một cuộc không kích vào tháng 3 năm 2023, nhắm vào một cuộc họp của các quan chức cấp cao Iran tại thủ đô Tehran.",false
764,"Ukraine sử dụng hệ thống sưởi tập trung từ thời Liên Xô, dễ bị tổn thương bởi các cuộc tấn công vào cơ sở hạ tầng năng lượng và có thể dẫn đến tình trạng mất sưởi trên diện rộng.",true
705,"Ông Trump đã thảo luận bí mật với Thủ tướng Israel về kế hoạch tấn công Iran, sau đó thúc đẩy ngoại giao và cuối cùng ra lệnh không kích.",true
746,Cha mẹ tại Texas đang lo lắng khi đưa con đến trường vì sợ các cuộc truy quét nhập cư bất ngờ của cảnh sát liên bang.,false
690,Tài liệu mới về Jeffrey Epstein đã khiến ít nhất 15 nhân vật chính trị cấp cao ở châu Âu phải từ chức trong năm 2023.,false
751,Pháp đã triệu tập Elon Musk và tiến hành khám xét văn phòng của X tại Pháp do cáo buộc lạm dụng dữ liệu người dùng và buông lỏng kiểm soát nội dung độc hại trên nền tảng.,true
734,"Thành phố Voronezh của Nga đã chứng kiến sự gia tăng đáng kể các đợt tập kích bằng máy bay không người lái, biển quảng cáo tuyển quân xuất hiện dày đặc trên các đường phố, và chiến sự Ukraine đang ảnh hưởng rõ rệt đến nhiều mặt đời sống thường nhật của người dân.",true
742,"Ông Trump đã đề cử mình cho giải Nobel Hòa bình, dẫn đến tranh cãi công khai giữa các quan chức Mỹ và Ba Lan, mặc dù cả hai quốc gia đều là thành viên NATO.",true
754,"Số lượng phi công nước ngoài tại Trung Quốc đã giảm hơn 50% trong năm 2022, chủ yếu do các hãng hàng không nội địa tăng cường tuyển dụng phi công từ Nhật Bản và Hàn Quốc.",false
795,"Tuyên bố Lansing, được ký kết vào năm 1916 như một phần của thỏa thuận mua bán lãnh thổ, cam kết Hoa Kỳ công nhận và tôn trọng chủ quyền của Đan Mạch đối với Greenland.",true
763,Tổng thống Trump đã làm dịu lập trường về chính sách nhập cư tại Minnesota sau khi đối mặt với phản ứng dữ dội từ công chúng và lo ngại về tổn hại uy tín chính trị.,true
709,"Iran đã bắt đầu quá trình chọn Lãnh tụ Tối cao mới sau khi ông Khamenei qua đời, với Hội đồng Chuyên gia chịu trách nhiệm bầu cử và Tổng thống Iran tạm thời đứng đầu Hội đồng Tham mưu trưởng.",true
743,Loài nấm tử thần đã lan rộng tại Florida và gây ra hơn 50 ca tử vong trong năm nay do thiếu thuốc giải độc đặc hiệu.,false
399,Bộ Khoa học và Công nghệ đã ban hành thông báo đính chính thông tin tại Phụ lục Thông báo số 449/TB-BKHCN ngày 12/12/2025 về việc xét tuyển công chức năm 2025 theo Nghị định 179/2024/NĐ-CP.,true
377,"Xu hướng Gen Z sẵn sàng nhảy việc để tìm môi trường phát triển đã khiến 23% doanh nghiệp thay đổi chiến lược tuyển dụng và 62% tập trung xây dựng văn hóa doanh nghiệp cởi mở, tôn trọng sự khác biệt.",true
375,"Trong vòng 3-5 năm tới, các công việc như thu ngân siêu thị, nhân viên nhập liệu và tư vấn viên ngân hàng sẽ hoàn toàn biến mất do sự thay thế của trí tuệ nhân tạo và robot.",false
386,"Lao động biết tiếng Trung có mức thu nhập cao hơn đến 40% so với người không biết tiếng này, đồng thời nhu cầu tuyển dụng tiếng Trung trên thị trường hiện cao gấp đôi tiếng Nhật và 5,5 lần tiếng Hàn.",true
370,"Sau Tết, các doanh nghiệp tại Hà Nội đã tổ chức xe đưa đón công nhân từ các tỉnh miền Trung quay lại làm việc, giúp giảm tải cho các phương tiện công cộng và nhanh chóng khôi phục hoạt động sản xuất.",false
402,"Mức thưởng Tết cao nhất tại Hà Nội năm nay là 614 triệu đồng, thuộc về khối doanh nghiệp dân doanh và đã tăng gấp đôi so với năm ngoái, trong khi tiền thưởng bình quân ở các khối đều tăng.",true
389,"Giai đoạn 2019-2023, lao động di cư giữa các tỉnh ở vùng Đồng bằng sông Hồng đã giảm mạnh, chiếm tỷ trọng nhỏ nhất cả nước do các địa phương gặp khó khăn trong thu hút đầu tư và tạo việc làm.",false
398,"Từ năm 2025, lao động công tác đủ năm tại vùng đặc biệt khó khăn sẽ được nghỉ hưu sớm ở mức 55 tuổi với nam và 50 tuổi với nữ nếu đáp ứng điều kiện bảo hiểm xã hội.",false
371,Nhiều lao động Việt Nam tại Nhật đã chuyển đổi thành công sang visa kỹ sư chỉ sau 6 tháng làm việc và đã bảo lãnh được hơn 5 người thân sang đoàn tụ trong năm 2022.,false
403,"Nhiều lao động Việt Nam tại Nhật Bản và Hàn Quốc đang chuyển hướng từ việc đi làm vài năm rồi về nước sang tích lũy mua nhà, tạo cơ sở để gia đình và con cái có thể ở lại lâu dài.",true
381,"77% lao động Việt Nam sẵn sàng đổi lương lấy môi trường làm việc lành mạnh, trong đó hơn một nửa đồng ý giảm 10% thu nhập để được tôn trọng và có sự cân bằng giữa công việc và cuộc sống.",true
387,"Hơn 43% lao động đóng bảo hiểm xã hội hiện nay có mức đóng thấp hơn thu nhập thực tế hoặc chỉ cao hơn mức lương tối thiểu vùng, dẫn đến nhiều hệ lụy về quyền lợi và an sinh xã hội.",true
365,Cục Quản lý lao động ngoài nước yêu cầu doanh nghiệp tạm dừng đưa người đi làm việc tại Đông Nam Á cho đến khi tình hình được kiểm soát và ổn định trở lại.,false
378,"Mức lương từ 35-40 triệu đồng vẫn khó tuyển được lao động thông thạo tiếng Trung, nhiều ứng viên sau khi thỏa thuận lương và hẹn ngày đi làm đột ngột hủy bỏ qua tin nhắn, khiến các nhà tuyển dụng lâm vào tình trạng thiếu hụt nhân sự trầm trọng.",true
396,"Công ty Cổ phần Đồ hộp Hạ Long vẫn trả lương cho công nhân trong thời gian tạm dừng sản xuất, với mức lương nhận được dao động từ 3,7 triệu đến hơn 5,3 triệu đồng mỗi tháng.",true
393,Nhà máy ở Tiền Giang sẽ thưởng 1.500 chỉ vàng cho công nhân có thâm niên làm việc.,false
374,"Bán hàng và IT - Phần mềm là hai ngành dẫn đầu về nhu cầu tuyển dụng nhân lực trong năm 2026, do doanh nghiệp tập trung củng cố doanh thu, sản xuất và đẩy mạnh chuyển đổi số.",true
368,"Bộ Nội vụ dự báo tình trạng lao động ""nhảy việc"" sắp tới không nhiều do doanh nghiệp đã có nhiều chính sách thu hút và giữ chân người lao động ngay từ trước Tết Bính Ngọ 2026.",true
379,"Hải Phòng hỗ trợ gần 50.000 vé xe, mỗi vé 200.000 đồng, với tổng kinh phí gần 10 tỷ đồng cho công nhân về quê ăn Tết.",true
366,Lao động Y tế - Dược tư nhân có mức lương khởi điểm 22 triệu đồng và ngành Tài chính Ngân hàng đang có xu hướng giảm thu nhập đáng kể.,false
4271,"Các khảo sát cho thấy Việt Nam có mức độ tiếp cận AI cao, nhưng các chuyên gia nhận định công nghệ này vẫn chưa được ứng dụng sâu rộng trong lĩnh vực sản xuất.",true
4303,"Phó thủ tướng Bùi Thanh Sơn đã chỉ đạo sửa đổi các quy định để tăng mức phạt đối với các hành vi buôn lậu, gian lận thương mại và sản xuất hàng giả, nhằm nâng cao hiệu quả răn đe.",true
4238,"Thủ tướng yêu cầu các bộ, ngành xử lý dứt điểm các dự án tồn đọng trong quý I năm nay và coi đây là nhiệm vụ cấp bách để thúc đẩy tăng trưởng kinh tế.",true
4243,"Phó thủ tướng thường trực Nguyễn Hòa Bình cho rằng trung tâm tài chính quốc tế cần 3-5 năm để kiểm chứng thành công, nên khối lượng việc cần giải quyết trong thời gian này rất lớn.",false
4217,Thủ tướng yêu cầu Bộ Kế hoạch và Đầu tư xây dựng kịch bản đạt mục tiêu tăng trưởng kinh tế 8% trong năm nay.,false
4260,"Trung tâm Tài chính Hàng không châu Á - Thái Bình Dương, thuộc Trung tâm tài chính quốc tế tại TP HCM, vừa được thành lập và đã huy động được 6,1 tỷ USD.",true
4249,"Thủ tướng Phạm Minh Chính đã phát động phong trào thi đua trên toàn quốc, kêu gọi các doanh nghiệp và người dân cùng nỗ lực làm giàu, phát triển kinh tế và đẩy mạnh đổi mới sáng tạo.",true
4240,"Bộ Tài chính đã đề xuất quy định để các sàn giao dịch tài sản mã hóa thực hiện khấu trừ, kê khai và nộp thay thuế thu nhập cá nhân đối với các giao dịch chuyển nhượng của tổ chức nước ngoài và cá nhân.",true
4202,Việt Nam hiện không cần sử dụng nguồn xăng dầu dự trữ quốc gia vì nguồn cung trong nước vẫn đủ đáp ứng đến hết tháng 3 và đang được tiếp tục bổ sung.,true
4330,"TS Lê Duy Bình cho rằng GDP Việt Nam đã vượt 600 tỷ USD và duy trì tốc độ tăng trưởng 8-9% trong 5 năm qua, tạo nền tảng cho giai đoạn tăng trưởng cao tiếp theo.",false
4234,"Bộ Tài chính đề xuất điều chỉnh phương thức phân bổ thuế giá trị gia tăng, qua đó tạo thêm nguồn thu để các địa phương mở rộng đầu tư cơ sở hạ tầng và đảm bảo an sinh xã hội.",true
4258,"Nghị định 46 về an toàn thực phẩm đã được lùi thời gian thực hiện đến ngày 15/4 theo Nghị quyết của Chính phủ, sau gần 10 ngày được ban hành.",true
4262,Trung tâm tài chính quốc tế mới thành lập tại Hà Nội và việc xúc tiến lập khu thương mại tự do Cái Mép Hạ của TP HCM đang được các nhà đầu tư nước ngoài chú ý.,false
4310,Thủ tướng Phạm Minh Chính yêu cầu Bộ Xây dựng nghiên cứu áp dụng biện pháp hành chính để hạn chế tình trạng đầu cơ bất động sản.,false
4326,"Quảng Ninh và Hải Phòng đạt mức tăng trưởng GRDP cao nhất cả nước, với tỷ lệ lần lượt là 11,89% và 11,81%, cho thấy sự thu hút và sử dụng hiệu quả các nguồn vốn đầu tư, đặc biệt là vốn FDI.",true
4224,"Phó thủ tướng thường trực Nguyễn Hòa Bình cho rằng 4 yếu tố cốt lõi để xây dựng Trung tâm tài chính, trong đó cơ sở hạ tầng đóng vai trò quyết định.",false
4279,"Trung tâm tài chính quốc tế tại TP HCM sẽ tập trung phát triển bốn nhóm sản phẩm chính, bao gồm thị trường vốn quốc tế, tài chính thương mại, fintech và các dịch vụ ngách.",true
4242,"Các chuyên gia cho rằng trung tâm tài chính quốc tế cần tập trung giải quyết vấn đề vốn cho các tập đoàn lớn, thay vì doanh nghiệp nhỏ và vừa, để tránh trở thành địa điểm cho các nhà đầu tư nước ngoài thực hiện các giao dịch rủi ro.",false
4229,Khoảng 45% người trưởng thành Việt Nam có tiền gửi tiết kiệm tại ngân hàng trong 6 tháng qua.,false
4210,"Hộ kinh doanh được phép xác định giá trị hàng tồn kho, máy móc, thiết bị vào ngày 31/12/2025 để làm căn cứ tính chi phí được trừ khi xác định thuế thu nhập cá nhân cho năm 2026.",true
4860,"Các bác sĩ tại Việt Nam thường phải đối mặt với tình trạng kiệt sức do áp lực công việc cao, và hiện đã có một số chương trình hỗ trợ sức khỏe tâm lý dành riêng cho họ, bao gồm đường dây nóng tư vấn từ Bộ Y tế, các buổi tập huấn kỹ năng quản lý căng thẳng tại bệnh viện lớn, cùng với sự hỗ trợ từ các tổ chức phi chính phủ như Tổ chức Y tế Thế giới (WHO).",true
4861,Bản phác họa cho thấy nữ điều dưỡng tại Nghệ An bị 11 vết đâm trên cơ thể.,true
4862,Virus Nipah đã được phát hiện lần đầu tại Malaysia vào năm 1998 và hiện đang gây ra một đợt bùng phát nghiêm trọng tại Ấn Độ với tỷ lệ tử vong lên đến 80%.,false
5872,Bộ ảnh siêu trăng bên tháp truyền hình Đà Lạt do nhiếp ảnh gia Hà Anh thực hiện vào cuối tháng 2 đã thu hút sự chú ý nhờ những góc chụp độc đáo.,false
5684,"Thành phố Slab ở phía tây nam bang California thu hút du khách bởi cộng đồng vô gia cư sống tự do trong điều kiện không có điện, nước và sự quản lý từ chính quyền địa phương.",false
5791,"Từ năm 2013 đến nay, mỗi tour thám hiểm hang Sơn Đoòng chỉ tiếp nhận tối đa 10 khách và được hỗ trợ bởi một đội ngũ 30 nhân viên.",true
5720,"Hàng nghìn du khách đã đổ về Fansipan vào ngày 19/2 để tham gia chuỗi lễ hội bản địa và nghi lễ tâm linh, mở đầu với hội xuân ""Mở cổng trời"".",true
5808,"Thành phố New York được gọi là ""Big Apple"" do các nhạc sĩ jazz những năm 1920 sử dụng để chỉ thành phố này như một quả táo lớn đầy cơ hội biểu diễn, và biệt danh này được phổ biến rộng rãi hơn vào những năm 1970 thông qua một chiến dịch quảng bá du lịch.",true
5854,"Tấm biển quảng cáo Glico Running Man đã tồn tại hơn 80 năm tại Tokyo, trở thành một biểu tượng văn hóa nổi tiếng thu hút hàng nghìn lượt check-in mỗi năm.",false
5673,Lễ hội hoa ban Điện Biên 2026 sẽ diễn ra trong 5 ngày với các hoạt động chính là triển lãm ảnh và hội chợ ẩm thực địa phương.,false
5824,"Tên gọi Vũng Tàu bắt nguồn từ tiếng Bồ Đào Nha ""Vão do Touro"" gắn với hoạt động chăn nuôi của những người định cư đầu tiên ở vùng biển miền Trung.",false
5880,"Vào đêm giao thừa, người dân ở nhiều nơi trên thế giới thực hiện các nghi lễ cầu may như ăn 12 quả nho tại Tây Ban Nha và mặc đồ lót màu đỏ tại một số quốc gia với hy vọng đón năm mới sung túc.",true
5800,"Cửa hàng tiện lợi ở Nhật Bản là một điểm đến du lịch phổ biến, nơi du khách có thể tìm thấy các sản phẩm đặc trưng như bánh mochi và bento theo mùa, đồng thời trải nghiệm dịch vụ in ảnh và thanh toán hóa đơn tiện ích ngay tại quầy.",true
5832,"Hàng trăm cây phượng vàng đang nở rộ, phủ kín các con đường tại thành phố Đà Lạt.",false
5663,"Singapore là điểm đến lý tưởng cho Gen Z yêu thích thời trang bản địa, nổi bật với Haji Lane nơi tập trung nhiều cửa hàng độc lập, Design Orchard quy tụ các nhà thiết kế địa phương, và lễ hội Artbox thường xuyên giới thiệu những sản phẩm giới hạn, sáng tạo.",true
5780,Tripadvisor xếp Hà Nội ở vị trí thứ ba trong danh sách 20 điểm đến xuất sắc năm 2025 do độc giả bình chọn.,false
5839,"Quảng Ngãi đã chọn cách tiếp cận lấy doanh nghiệp làm chủ thể du lịch, các giá trị hiện đại là tài nguyên và mục tiêu cuối cùng hướng đến phát triển kinh tế đơn thuần.",false
5669,"Hoa kèn hồng đang nở rộ tại Cần Thơ, thu hút hàng trăm du khách đến tham quan và chụp ảnh từ sáng sớm đến chiều tối.",true
5750,"Du khách có thể chọn chuyến đi ""3 trong 1"" kết hợp Thái Hải và Quỳnh Sơn ở miền Trung, hoặc ""6 trong 1"" trọn kỳ nghỉ Tết.",false
5850,"Ứng dụng redBus cung cấp dịch vụ đặt vé xe khách trực tuyến cho du khách miền Nam, hỗ trợ nhiều nhà xe và phương thức thanh toán đa dạng.",true
5869,"JW Marriott Phú Quốc triển khai chương trình Tết ""Mùa hoa khởi sắc"" với các hoạt động nghỉ dưỡng và chăm sóc sức khỏe, bắt đầu từ ngày 10/2.",false
5829,Đàn husky đặc nhiệm đã tuần tra hàng nghìn km trên tuyết trắng ở Greenland và là lực lượng chó kéo xe duy nhất trên thế giới hoạt động từ năm 1950 đến nay.,true
5679,"Lượng khách từ các tỉnh miền Trung - Tây Nguyên đến Ba Na Hills tăng hơn 60% trong đầu tháng 3, nhờ chính sách ưu đãi giá vé và lễ hội hoa tulip quy mô lớn.",true
